<?xml version="1.0" encoding="UTF-8" ?>
<!-- This is a WordPress eXtended RSS file generated by WordPress as an export of your site. -->
<!-- It contains information about your site's posts, pages, comments, categories, and other content. -->
<!-- You may use this file to transfer that content from one site to another. -->
<!-- This file is not intended to serve as a complete backup of your site. -->

<!-- To import this information into a WordPress site follow these steps: -->
<!-- 1. Log in to that site as an administrator. -->
<!-- 2. Go to Tools: Import in the WordPress admin panel. -->
<!-- 3. Install the "WordPress" importer from the list. -->
<!-- 4. Activate & Run Importer. -->
<!-- 5. Upload this file using the form provided on that page. -->
<!-- 6. You will first be asked to map the authors in this export file to users -->
<!--    on the site. For each author, you may choose to map to an -->
<!--    existing user on the site or to create a new user. -->
<!-- 7. WordPress will then import each of the posts, pages, comments, categories, etc. -->
<!--    contained in this file into your site. -->

	<!-- generator="WordPress/5.1.1" created="2019-08-08 12:03" -->
<rss version="2.0"
	xmlns:excerpt="http://wordpress.org/export/1.2/excerpt/"
	xmlns:content="http://purl.org/rss/1.0/modules/content/"
	xmlns:wfw="http://wellformedweb.org/CommentAPI/"
	xmlns:dc="http://purl.org/dc/elements/1.1/"
	xmlns:wp="http://wordpress.org/export/1.2/"
>

<channel>
	<title>New Hotel</title>
	<link>http://shinetheme.com/travelerdata/newhotel</link>
	<description></description>
	<pubDate>Thu, 08 Aug 2019 12:03:35 +0000</pubDate>
	<language>en-US</language>
	<wp:wxr_version>1.2</wp:wxr_version>
	<wp:base_site_url>http://shinetheme.com/travelerdata/newhotel</wp:base_site_url>
	<wp:base_blog_url>http://shinetheme.com/travelerdata/newhotel</wp:base_blog_url>

		<wp:author><wp:author_id>1</wp:author_id><wp:author_login><![CDATA[phpleaderpro]]></wp:author_login><wp:author_email><![CDATA[phpleaderpro@gmail.com]]></wp:author_email><wp:author_display_name><![CDATA[phpleaderpro]]></wp:author_display_name><wp:author_first_name><![CDATA[Jream]]></wp:author_first_name><wp:author_last_name><![CDATA[OQ]]></wp:author_last_name></wp:author>

				
	<generator>https://wordpress.org/?v=5.1.1</generator>

		<item>
		<title>
				Contact form 1		</title>
		<link>http://shinetheme.com/travelerdata/newhotel/?post_type=wpcf7_contact_form&#038;p=6</link>
		<pubDate>Wed, 20 Mar 2019 06:54:43 +0000</pubDate>
		<dc:creator><![CDATA[phpleaderpro]]></dc:creator>
		<guid isPermaLink="false">https://shinetheme.com/travelerdata/singlehotel/?post_type=wpcf7_contact_form&#038;p=6</guid>
		<description></description>
		<content:encoded>
				<![CDATA[<form class="st-form-contact">
[text* name-st class:name-st placeholder "Name"]
[email* email-st class:email-st placeholder "Email"]
[textarea* message-st class:message-st placeholder "Message"]
[submit class:st-send-button "Send Message"]
</form>
1
Single Hotel "[your-subject]"
Single Hotel <wordpress@shinetheme.com>
phpleaderpro@gmail.com
From: [your-name] <[your-email]>
Subject: [your-subject]

Message Body:
[your-message]

-- 
This e-mail was sent from a contact form on Single Hotel (https://shinetheme.com/travelerdata/singlehotel)
Reply-To: [your-email]




Single Hotel "[your-subject]"
Single Hotel <wordpress@shinetheme.com>
[your-email]
Message Body:
[your-message]

-- 
This e-mail was sent from a contact form on Single Hotel (https://shinetheme.com/travelerdata/singlehotel)
Reply-To: phpleaderpro@gmail.com



Thank you for your message. It has been sent.
There was an error trying to send your message. Please try again later.
One or more fields have an error. Please check and try again.
There was an error trying to send your message. Please try again later.
You must accept the terms and conditions before sending your message.
The field is required.
The field is too long.
The field is too short.
The date format is incorrect.
The date is before the earliest one allowed.
The date is after the latest one allowed.
There was an unknown error uploading the file.
You are not allowed to upload files of this type.
The file is too big.
There was an error uploading the file.
The number format is invalid.
The number is smaller than the minimum allowed.
The number is larger than the maximum allowed.
The answer to the quiz is incorrect.
Your entered code is incorrect.
The e-mail address entered is invalid.
The URL is invalid.
The telephone number is invalid.]]>		</content:encoded>
		<excerpt:encoded>
				<![CDATA[]]>		</excerpt:encoded>
		<wp:post_id>6</wp:post_id>
		<wp:post_date><![CDATA[2019-03-20 06:54:43]]></wp:post_date>
		<wp:post_date_gmt><![CDATA[2019-03-20 06:54:43]]></wp:post_date_gmt>
		<wp:comment_status><![CDATA[closed]]></wp:comment_status>
		<wp:ping_status><![CDATA[closed]]></wp:ping_status>
		<wp:post_name><![CDATA[contact-form-1]]></wp:post_name>
		<wp:status><![CDATA[publish]]></wp:status>
		<wp:post_parent>0</wp:post_parent>
		<wp:menu_order>0</wp:menu_order>
		<wp:post_type><![CDATA[wpcf7_contact_form]]></wp:post_type>
		<wp:post_password><![CDATA[]]></wp:post_password>
		<wp:is_sticky>0</wp:is_sticky>
														<wp:postmeta>
		<wp:meta_key><![CDATA[rate_review]]></wp:meta_key>
		<wp:meta_value><![CDATA[0]]></wp:meta_value>
		</wp:postmeta>
							<wp:postmeta>
		<wp:meta_key><![CDATA[min_price]]></wp:meta_key>
		<wp:meta_value><![CDATA[]]></wp:meta_value>
		</wp:postmeta>
							<wp:postmeta>
		<wp:meta_key><![CDATA[_form]]></wp:meta_key>
		<wp:meta_value><![CDATA[<form class="st-form-contact">
[text* name-st class:name-st placeholder "Name"]
[email* email-st class:email-st placeholder "Email"]
[textarea* message-st class:message-st placeholder "Message"]
[submit class:st-send-button "Send Message"]
</form>]]></wp:meta_value>
		</wp:postmeta>
							<wp:postmeta>
		<wp:meta_key><![CDATA[_mail]]></wp:meta_key>
		<wp:meta_value><![CDATA[a:9:{s:6:"active";b:1;s:7:"subject";s:29:"Single Hotel "[your-subject]"";s:6:"sender";s:39:"Single Hotel <wordpress@shinetheme.com>";s:9:"recipient";s:22:"phpleaderpro@gmail.com";s:4:"body";s:198:"From: [your-name] <[your-email]>
Subject: [your-subject]

Message Body:
[your-message]

-- 
This e-mail was sent from a contact form on Single Hotel (https://shinetheme.com/travelerdata/singlehotel)";s:18:"additional_headers";s:22:"Reply-To: [your-email]";s:11:"attachments";s:0:"";s:8:"use_html";b:0;s:13:"exclude_blank";b:0;}]]></wp:meta_value>
		</wp:postmeta>
							<wp:postmeta>
		<wp:meta_key><![CDATA[_mail_2]]></wp:meta_key>
		<wp:meta_value><![CDATA[a:9:{s:6:"active";b:0;s:7:"subject";s:29:"Single Hotel "[your-subject]"";s:6:"sender";s:39:"Single Hotel <wordpress@shinetheme.com>";s:9:"recipient";s:12:"[your-email]";s:4:"body";s:140:"Message Body:
[your-message]

-- 
This e-mail was sent from a contact form on Single Hotel (https://shinetheme.com/travelerdata/singlehotel)";s:18:"additional_headers";s:32:"Reply-To: phpleaderpro@gmail.com";s:11:"attachments";s:0:"";s:8:"use_html";b:0;s:13:"exclude_blank";b:0;}]]></wp:meta_value>
		</wp:postmeta>
							<wp:postmeta>
		<wp:meta_key><![CDATA[_messages]]></wp:meta_key>
		<wp:meta_value><![CDATA[a:23:{s:12:"mail_sent_ok";s:45:"Thank you for your message. It has been sent.";s:12:"mail_sent_ng";s:71:"There was an error trying to send your message. Please try again later.";s:16:"validation_error";s:61:"One or more fields have an error. Please check and try again.";s:4:"spam";s:71:"There was an error trying to send your message. Please try again later.";s:12:"accept_terms";s:69:"You must accept the terms and conditions before sending your message.";s:16:"invalid_required";s:22:"The field is required.";s:16:"invalid_too_long";s:22:"The field is too long.";s:17:"invalid_too_short";s:23:"The field is too short.";s:12:"invalid_date";s:29:"The date format is incorrect.";s:14:"date_too_early";s:44:"The date is before the earliest one allowed.";s:13:"date_too_late";s:41:"The date is after the latest one allowed.";s:13:"upload_failed";s:46:"There was an unknown error uploading the file.";s:24:"upload_file_type_invalid";s:49:"You are not allowed to upload files of this type.";s:21:"upload_file_too_large";s:20:"The file is too big.";s:23:"upload_failed_php_error";s:38:"There was an error uploading the file.";s:14:"invalid_number";s:29:"The number format is invalid.";s:16:"number_too_small";s:47:"The number is smaller than the minimum allowed.";s:16:"number_too_large";s:46:"The number is larger than the maximum allowed.";s:23:"quiz_answer_not_correct";s:36:"The answer to the quiz is incorrect.";s:17:"captcha_not_match";s:31:"Your entered code is incorrect.";s:13:"invalid_email";s:38:"The e-mail address entered is invalid.";s:11:"invalid_url";s:19:"The URL is invalid.";s:11:"invalid_tel";s:32:"The telephone number is invalid.";}]]></wp:meta_value>
		</wp:postmeta>
							<wp:postmeta>
		<wp:meta_key><![CDATA[_additional_settings]]></wp:meta_key>
		<wp:meta_value><![CDATA[]]></wp:meta_value>
		</wp:postmeta>
							<wp:postmeta>
		<wp:meta_key><![CDATA[_locale]]></wp:meta_key>
		<wp:meta_value><![CDATA[en_US]]></wp:meta_value>
		</wp:postmeta>
							<wp:postmeta>
		<wp:meta_key><![CDATA[_config_errors]]></wp:meta_key>
		<wp:meta_value><![CDATA[a:1:{s:23:"mail.additional_headers";a:1:{i:0;a:2:{s:4:"code";i:102;s:4:"args";a:3:{s:7:"message";s:51:"Invalid mailbox syntax is used in the %name% field.";s:6:"params";a:1:{s:4:"name";s:8:"Reply-To";}s:4:"link";s:68:"https://contactform7.com/configuration-errors/invalid-mailbox-syntax";}}}}]]></wp:meta_value>
		</wp:postmeta>
							</item>
				</channel>
</rss>
	