[{"post_id":"4605","room_parent":"991","multi_location":"_275_,_282_,_284_,_1944_,_1945_,_1946_,_1947_,_1952_,_1957_,_7965_,_7967_,_7970_","id_location":"","address":"9725 Wilshire Boulevard Beverly Hills, CA 90212","allow_full_day":"on","price":"350","number_room":"3","discount_rate":"10","adult_number":"4","child_number":""},{"post_id":"491","room_parent":"991","multi_location":"_275_,_282_,_284_,_1944_,_1945_,_1946_,_1947_,_1952_,_1957_,_7965_,_7967_,_7970_","id_location":"","address":"","allow_full_day":"on","price":"498","number_room":"3","discount_rate":"","adult_number":"4","child_number":""},{"post_id":"994","room_parent":"991","multi_location":"_275_,_282_,_284_,_1944_,_1945_,_1946_,_1947_,_1952_,_1957_,_7965_,_7967_,_7970_","id_location":"","address":"","allow_full_day":"on","price":"130","number_room":"3","discount_rate":"","adult_number":"2","child_number":""},{"post_id":"1001","room_parent":"991","multi_location":"_275_,_282_,_284_,_1944_,_1945_,_1946_,_1947_,_1952_,_1957_,_7965_,_7967_,_7970_","id_location":"","address":"","allow_full_day":"on","price":"300","number_room":"3","discount_rate":"","adult_number":"3","child_number":""},{"post_id":"1003","room_parent":"991","multi_location":"_275_,_282_,_284_,_1944_,_1945_,_1946_,_1947_,_1952_,_1957_,_7965_,_7967_,_7970_","id_location":"","address":"","allow_full_day":"on","price":"273","number_room":"3","discount_rate":"","adult_number":"4","child_number":""},{"post_id":"1005","room_parent":"991","multi_location":"_275_,_282_,_284_,_1944_,_1945_,_1946_,_1947_,_1952_,_1957_,_7965_,_7967_,_7970_","id_location":"","address":"","allow_full_day":"on","price":"476","number_room":"4","discount_rate":"","adult_number":"2","child_number":""},{"post_id":"1006","room_parent":"991","multi_location":"_275_,_282_,_284_,_1944_,_1945_,_1946_,_1947_,_1952_,_1957_,_7965_,_7967_,_7970_","id_location":"","address":"","allow_full_day":"on","price":"130","number_room":"3","discount_rate":"","adult_number":"2","child_number":""},{"post_id":"1007","room_parent":"991","multi_location":"_275_,_282_,_284_,_1944_,_1945_,_1946_,_1947_,_1952_,_1957_,_7965_,_7967_,_7970_","id_location":"","address":"","allow_full_day":"on","price":"273","number_room":"4","discount_rate":"","adult_number":"4","child_number":""},{"post_id":"1008","room_parent":"991","multi_location":"_275_,_282_,_284_,_1944_,_1945_,_1946_,_1947_,_1952_,_1957_,_7965_,_7967_,_7970_","id_location":"","address":"","allow_full_day":"on","price":"10","number_room":"3","discount_rate":"","adult_number":"4","child_number":""},{"post_id":"1009","room_parent":"991","multi_location":"_275_,_282_,_284_,_1944_,_1945_,_1946_,_1947_,_1952_,_1957_,_7965_,_7967_,_7970_","id_location":"","address":"","allow_full_day":"on","price":"300","number_room":"5","discount_rate":"","adult_number":"3","child_number":""},{"post_id":"1012","room_parent":"991","multi_location":"_275_,_282_,_284_,_1944_,_1945_,_1946_,_1947_,_1952_,_1957_,_7965_,_7967_,_7970_","id_location":"","address":"","allow_full_day":"on","price":"273","number_room":"4","discount_rate":"10","adult_number":"4","child_number":""},{"post_id":"4581","room_parent":"991","multi_location":"_275_,_282_,_284_,_1944_,_1945_,_1946_,_1947_,_1952_,_1957_,_7965_,_7967_,_7970_","id_location":"","address":"","allow_full_day":"on","price":"128","number_room":"4","discount_rate":"","adult_number":"4","child_number":""},{"post_id":"4583","room_parent":"991","multi_location":"_275_,_282_,_284_,_1944_,_1945_,_1946_,_1947_,_1952_,_1957_,_7965_,_7967_,_7970_","id_location":"","address":"","allow_full_day":"on","price":"244","number_room":"4","discount_rate":"","adult_number":"4","child_number":""},{"post_id":"4586","room_parent":"991","multi_location":"_275_,_282_,_284_,_1944_,_1945_,_1946_,_1947_,_1952_,_1957_,_7965_,_7967_,_7970_","id_location":"","address":"","allow_full_day":"on","price":"234","number_room":"4","discount_rate":"","adult_number":"2","child_number":""},{"post_id":"4587","room_parent":"991","multi_location":"_275_,_282_,_284_,_1944_,_1945_,_1946_,_1947_,_1952_,_1957_,_7965_,_7967_,_7970_","id_location":"","address":"","allow_full_day":"on","price":"335","number_room":"3","discount_rate":"","adult_number":"4","child_number":""},{"post_id":"4588","room_parent":"991","multi_location":"_275_,_282_,_284_,_1944_,_1945_,_1946_,_1947_,_1952_,_1957_,_7965_,_7967_,_7970_","id_location":"","address":"","allow_full_day":"on","price":"144","number_room":"3","discount_rate":"","adult_number":"4","child_number":""},{"post_id":"4590","room_parent":"991","multi_location":"_275_,_282_,_284_,_1944_,_1945_,_1946_,_1947_,_1952_,_1957_,_7965_,_7967_,_7970_","id_location":"","address":"","allow_full_day":"on","price":"280","number_room":"4","discount_rate":"10","adult_number":"6","child_number":""},{"post_id":"4593","room_parent":"991","multi_location":"_275_,_282_,_284_,_1944_,_1945_,_1946_,_1947_,_1952_,_1957_,_7965_,_7967_,_7970_","id_location":"","address":"","allow_full_day":"on","price":"273","number_room":"3","discount_rate":"10","adult_number":"4","child_number":""},{"post_id":"4594","room_parent":"991","multi_location":"_275_,_282_,_284_,_1944_,_1945_,_1946_,_1947_,_1952_,_1957_,_7965_,_7967_,_7970_","id_location":"","address":"","allow_full_day":"on","price":"350","number_room":"34","discount_rate":"10","adult_number":"4","child_number":""},{"post_id":"4596","room_parent":"991","multi_location":"_275_,_282_,_284_,_1944_,_1945_,_1946_,_1947_,_1952_,_1957_,_7965_,_7967_,_7970_","id_location":"","address":"","allow_full_day":"on","price":"234","number_room":"3","discount_rate":"","adult_number":"2","child_number":""},{"post_id":"4598","room_parent":"991","multi_location":"_275_,_282_,_284_,_1944_,_1945_,_1946_,_1947_,_1952_,_1957_,_7965_,_7967_,_7970_","id_location":"","address":"","allow_full_day":"on","price":"130","number_room":"4","discount_rate":"","adult_number":"2","child_number":""},{"post_id":"4597","room_parent":"991","multi_location":"_275_,_282_,_284_,_1944_,_1945_,_1946_,_1947_,_1952_,_1957_,_7965_,_7967_,_7970_","id_location":"","address":"","allow_full_day":"on","price":"244","number_room":"2","discount_rate":"","adult_number":"2","child_number":""},{"post_id":"4606","room_parent":"991","multi_location":"_275_,_282_,_284_,_1944_,_1945_,_1946_,_1947_,_1952_,_1957_,_7965_,_7967_,_7970_","id_location":"","address":"","allow_full_day":"on","price":"273","number_room":"5","discount_rate":"10","adult_number":"4","child_number":""},{"post_id":"4765","room_parent":"991","multi_location":"_275_,_282_,_284_,_1944_,_1945_,_1946_,_1947_,_1952_,_1957_,_7965_,_7967_,_7970_","id_location":"","address":"","allow_full_day":"on","price":"50","number_room":"3","discount_rate":"10","adult_number":"2","child_number":""}]