[{"id":"1","post_id":"491","location_from":"275","location_to":"0","post_type":"hotel_room","location_type":"multi_location"},{"id":"2","post_id":"491","location_from":"282","location_to":"0","post_type":"hotel_room","location_type":"multi_location"},{"id":"3","post_id":"491","location_from":"284","location_to":"0","post_type":"hotel_room","location_type":"multi_location"},{"id":"4","post_id":"491","location_from":"1944","location_to":"0","post_type":"hotel_room","location_type":"multi_location"},{"id":"5","post_id":"491","location_from":"1945","location_to":"0","post_type":"hotel_room","location_type":"multi_location"},{"id":"6","post_id":"491","location_from":"1946","location_to":"0","post_type":"hotel_room","location_type":"multi_location"},{"id":"7","post_id":"491","location_from":"1947","location_to":"0","post_type":"hotel_room","location_type":"multi_location"},{"id":"8","post_id":"491","location_from":"1952","location_to":"0","post_type":"hotel_room","location_type":"multi_location"},{"id":"9","post_id":"491","location_from":"1957","location_to":"0","post_type":"hotel_room","location_type":"multi_location"},{"id":"10","post_id":"491","location_from":"7965","location_to":"0","post_type":"hotel_room","location_type":"multi_location"},{"id":"11","post_id":"491","location_from":"7967","location_to":"0","post_type":"hotel_room","location_type":"multi_location"},{"id":"12","post_id":"491","location_from":"7970","location_to":"0","post_type":"hotel_room","location_type":"multi_location"},{"id":"13","post_id":"991","location_from":"275","location_to":"0","post_type":"st_hotel","location_type":"multi_location"},{"id":"14","post_id":"991","location_from":"282","location_to":"0","post_type":"st_hotel","location_type":"multi_location"},{"id":"15","post_id":"991","location_from":"284","location_to":"0","post_type":"st_hotel","location_type":"multi_location"},{"id":"16","post_id":"991","location_from":"1944","location_to":"0","post_type":"st_hotel","location_type":"multi_location"},{"id":"17","post_id":"991","location_from":"1945","location_to":"0","post_type":"st_hotel","location_type":"multi_location"},{"id":"18","post_id":"991","location_from":"1946","location_to":"0","post_type":"st_hotel","location_type":"multi_location"},{"id":"19","post_id":"991","location_from":"1947","location_to":"0","post_type":"st_hotel","location_type":"multi_location"},{"id":"20","post_id":"991","location_from":"1952","location_to":"0","post_type":"st_hotel","location_type":"multi_location"},{"id":"21","post_id":"991","location_from":"1957","location_to":"0","post_type":"st_hotel","location_type":"multi_location"},{"id":"22","post_id":"991","location_from":"7965","location_to":"0","post_type":"st_hotel","location_type":"multi_location"},{"id":"23","post_id":"991","location_from":"7967","location_to":"0","post_type":"st_hotel","location_type":"multi_location"},{"id":"24","post_id":"991","location_from":"7970","location_to":"0","post_type":"st_hotel","location_type":"multi_location"},{"id":"25","post_id":"994","location_from":"275","location_to":"0","post_type":"hotel_room","location_type":"multi_location"},{"id":"26","post_id":"994","location_from":"282","location_to":"0","post_type":"hotel_room","location_type":"multi_location"},{"id":"27","post_id":"994","location_from":"284","location_to":"0","post_type":"hotel_room","location_type":"multi_location"},{"id":"28","post_id":"994","location_from":"1944","location_to":"0","post_type":"hotel_room","location_type":"multi_location"},{"id":"29","post_id":"994","location_from":"1945","location_to":"0","post_type":"hotel_room","location_type":"multi_location"},{"id":"30","post_id":"994","location_from":"1946","location_to":"0","post_type":"hotel_room","location_type":"multi_location"},{"id":"31","post_id":"994","location_from":"1947","location_to":"0","post_type":"hotel_room","location_type":"multi_location"},{"id":"32","post_id":"994","location_from":"1952","location_to":"0","post_type":"hotel_room","location_type":"multi_location"},{"id":"33","post_id":"994","location_from":"1957","location_to":"0","post_type":"hotel_room","location_type":"multi_location"},{"id":"34","post_id":"994","location_from":"7965","location_to":"0","post_type":"hotel_room","location_type":"multi_location"},{"id":"35","post_id":"994","location_from":"7967","location_to":"0","post_type":"hotel_room","location_type":"multi_location"},{"id":"36","post_id":"994","location_from":"7970","location_to":"0","post_type":"hotel_room","location_type":"multi_location"},{"id":"37","post_id":"1001","location_from":"275","location_to":"0","post_type":"hotel_room","location_type":"multi_location"},{"id":"38","post_id":"1001","location_from":"282","location_to":"0","post_type":"hotel_room","location_type":"multi_location"},{"id":"39","post_id":"1001","location_from":"284","location_to":"0","post_type":"hotel_room","location_type":"multi_location"},{"id":"40","post_id":"1001","location_from":"1944","location_to":"0","post_type":"hotel_room","location_type":"multi_location"},{"id":"41","post_id":"1001","location_from":"1945","location_to":"0","post_type":"hotel_room","location_type":"multi_location"},{"id":"42","post_id":"1001","location_from":"1946","location_to":"0","post_type":"hotel_room","location_type":"multi_location"},{"id":"43","post_id":"1001","location_from":"1947","location_to":"0","post_type":"hotel_room","location_type":"multi_location"},{"id":"44","post_id":"1001","location_from":"1952","location_to":"0","post_type":"hotel_room","location_type":"multi_location"},{"id":"45","post_id":"1001","location_from":"1957","location_to":"0","post_type":"hotel_room","location_type":"multi_location"},{"id":"46","post_id":"1001","location_from":"7965","location_to":"0","post_type":"hotel_room","location_type":"multi_location"},{"id":"47","post_id":"1001","location_from":"7967","location_to":"0","post_type":"hotel_room","location_type":"multi_location"},{"id":"48","post_id":"1001","location_from":"7970","location_to":"0","post_type":"hotel_room","location_type":"multi_location"},{"id":"49","post_id":"1003","location_from":"275","location_to":"0","post_type":"hotel_room","location_type":"multi_location"},{"id":"50","post_id":"1003","location_from":"282","location_to":"0","post_type":"hotel_room","location_type":"multi_location"},{"id":"51","post_id":"1003","location_from":"284","location_to":"0","post_type":"hotel_room","location_type":"multi_location"},{"id":"52","post_id":"1003","location_from":"1944","location_to":"0","post_type":"hotel_room","location_type":"multi_location"},{"id":"53","post_id":"1003","location_from":"1945","location_to":"0","post_type":"hotel_room","location_type":"multi_location"},{"id":"54","post_id":"1003","location_from":"1946","location_to":"0","post_type":"hotel_room","location_type":"multi_location"},{"id":"55","post_id":"1003","location_from":"1947","location_to":"0","post_type":"hotel_room","location_type":"multi_location"},{"id":"56","post_id":"1003","location_from":"1952","location_to":"0","post_type":"hotel_room","location_type":"multi_location"},{"id":"57","post_id":"1003","location_from":"1957","location_to":"0","post_type":"hotel_room","location_type":"multi_location"},{"id":"58","post_id":"1003","location_from":"7965","location_to":"0","post_type":"hotel_room","location_type":"multi_location"},{"id":"59","post_id":"1003","location_from":"7967","location_to":"0","post_type":"hotel_room","location_type":"multi_location"},{"id":"60","post_id":"1003","location_from":"7970","location_to":"0","post_type":"hotel_room","location_type":"multi_location"},{"id":"61","post_id":"1005","location_from":"275","location_to":"0","post_type":"hotel_room","location_type":"multi_location"},{"id":"62","post_id":"1005","location_from":"282","location_to":"0","post_type":"hotel_room","location_type":"multi_location"},{"id":"63","post_id":"1005","location_from":"284","location_to":"0","post_type":"hotel_room","location_type":"multi_location"},{"id":"64","post_id":"1005","location_from":"1944","location_to":"0","post_type":"hotel_room","location_type":"multi_location"},{"id":"65","post_id":"1005","location_from":"1945","location_to":"0","post_type":"hotel_room","location_type":"multi_location"},{"id":"66","post_id":"1005","location_from":"1946","location_to":"0","post_type":"hotel_room","location_type":"multi_location"},{"id":"67","post_id":"1005","location_from":"1947","location_to":"0","post_type":"hotel_room","location_type":"multi_location"},{"id":"68","post_id":"1005","location_from":"1952","location_to":"0","post_type":"hotel_room","location_type":"multi_location"},{"id":"69","post_id":"1005","location_from":"1957","location_to":"0","post_type":"hotel_room","location_type":"multi_location"},{"id":"70","post_id":"1005","location_from":"7965","location_to":"0","post_type":"hotel_room","location_type":"multi_location"},{"id":"71","post_id":"1005","location_from":"7967","location_to":"0","post_type":"hotel_room","location_type":"multi_location"},{"id":"72","post_id":"1005","location_from":"7970","location_to":"0","post_type":"hotel_room","location_type":"multi_location"},{"id":"73","post_id":"1006","location_from":"275","location_to":"0","post_type":"hotel_room","location_type":"multi_location"},{"id":"74","post_id":"1006","location_from":"282","location_to":"0","post_type":"hotel_room","location_type":"multi_location"},{"id":"75","post_id":"1006","location_from":"284","location_to":"0","post_type":"hotel_room","location_type":"multi_location"},{"id":"76","post_id":"1006","location_from":"1944","location_to":"0","post_type":"hotel_room","location_type":"multi_location"},{"id":"77","post_id":"1006","location_from":"1945","location_to":"0","post_type":"hotel_room","location_type":"multi_location"},{"id":"78","post_id":"1006","location_from":"1946","location_to":"0","post_type":"hotel_room","location_type":"multi_location"},{"id":"79","post_id":"1006","location_from":"1947","location_to":"0","post_type":"hotel_room","location_type":"multi_location"},{"id":"80","post_id":"1006","location_from":"1952","location_to":"0","post_type":"hotel_room","location_type":"multi_location"},{"id":"81","post_id":"1006","location_from":"1957","location_to":"0","post_type":"hotel_room","location_type":"multi_location"},{"id":"82","post_id":"1006","location_from":"7965","location_to":"0","post_type":"hotel_room","location_type":"multi_location"},{"id":"83","post_id":"1006","location_from":"7967","location_to":"0","post_type":"hotel_room","location_type":"multi_location"},{"id":"84","post_id":"1006","location_from":"7970","location_to":"0","post_type":"hotel_room","location_type":"multi_location"},{"id":"85","post_id":"1007","location_from":"275","location_to":"0","post_type":"hotel_room","location_type":"multi_location"},{"id":"86","post_id":"1007","location_from":"282","location_to":"0","post_type":"hotel_room","location_type":"multi_location"},{"id":"87","post_id":"1007","location_from":"284","location_to":"0","post_type":"hotel_room","location_type":"multi_location"},{"id":"88","post_id":"1007","location_from":"1944","location_to":"0","post_type":"hotel_room","location_type":"multi_location"},{"id":"89","post_id":"1007","location_from":"1945","location_to":"0","post_type":"hotel_room","location_type":"multi_location"},{"id":"90","post_id":"1007","location_from":"1946","location_to":"0","post_type":"hotel_room","location_type":"multi_location"},{"id":"91","post_id":"1007","location_from":"1947","location_to":"0","post_type":"hotel_room","location_type":"multi_location"},{"id":"92","post_id":"1007","location_from":"1952","location_to":"0","post_type":"hotel_room","location_type":"multi_location"},{"id":"93","post_id":"1007","location_from":"1957","location_to":"0","post_type":"hotel_room","location_type":"multi_location"},{"id":"94","post_id":"1007","location_from":"7965","location_to":"0","post_type":"hotel_room","location_type":"multi_location"},{"id":"95","post_id":"1007","location_from":"7967","location_to":"0","post_type":"hotel_room","location_type":"multi_location"},{"id":"96","post_id":"1007","location_from":"7970","location_to":"0","post_type":"hotel_room","location_type":"multi_location"},{"id":"97","post_id":"1008","location_from":"275","location_to":"0","post_type":"hotel_room","location_type":"multi_location"},{"id":"98","post_id":"1008","location_from":"282","location_to":"0","post_type":"hotel_room","location_type":"multi_location"},{"id":"99","post_id":"1008","location_from":"284","location_to":"0","post_type":"hotel_room","location_type":"multi_location"},{"id":"100","post_id":"1008","location_from":"1944","location_to":"0","post_type":"hotel_room","location_type":"multi_location"},{"id":"101","post_id":"1008","location_from":"1945","location_to":"0","post_type":"hotel_room","location_type":"multi_location"},{"id":"102","post_id":"1008","location_from":"1946","location_to":"0","post_type":"hotel_room","location_type":"multi_location"},{"id":"103","post_id":"1008","location_from":"1947","location_to":"0","post_type":"hotel_room","location_type":"multi_location"},{"id":"104","post_id":"1008","location_from":"1952","location_to":"0","post_type":"hotel_room","location_type":"multi_location"},{"id":"105","post_id":"1008","location_from":"1957","location_to":"0","post_type":"hotel_room","location_type":"multi_location"},{"id":"106","post_id":"1008","location_from":"7965","location_to":"0","post_type":"hotel_room","location_type":"multi_location"},{"id":"107","post_id":"1008","location_from":"7967","location_to":"0","post_type":"hotel_room","location_type":"multi_location"},{"id":"108","post_id":"1008","location_from":"7970","location_to":"0","post_type":"hotel_room","location_type":"multi_location"},{"id":"109","post_id":"1009","location_from":"275","location_to":"0","post_type":"hotel_room","location_type":"multi_location"},{"id":"110","post_id":"1009","location_from":"282","location_to":"0","post_type":"hotel_room","location_type":"multi_location"},{"id":"111","post_id":"1009","location_from":"284","location_to":"0","post_type":"hotel_room","location_type":"multi_location"},{"id":"112","post_id":"1009","location_from":"1944","location_to":"0","post_type":"hotel_room","location_type":"multi_location"},{"id":"113","post_id":"1009","location_from":"1945","location_to":"0","post_type":"hotel_room","location_type":"multi_location"},{"id":"114","post_id":"1009","location_from":"1946","location_to":"0","post_type":"hotel_room","location_type":"multi_location"},{"id":"115","post_id":"1009","location_from":"1947","location_to":"0","post_type":"hotel_room","location_type":"multi_location"},{"id":"116","post_id":"1009","location_from":"1952","location_to":"0","post_type":"hotel_room","location_type":"multi_location"},{"id":"117","post_id":"1009","location_from":"1957","location_to":"0","post_type":"hotel_room","location_type":"multi_location"},{"id":"118","post_id":"1009","location_from":"7965","location_to":"0","post_type":"hotel_room","location_type":"multi_location"},{"id":"119","post_id":"1009","location_from":"7967","location_to":"0","post_type":"hotel_room","location_type":"multi_location"},{"id":"120","post_id":"1009","location_from":"7970","location_to":"0","post_type":"hotel_room","location_type":"multi_location"},{"id":"121","post_id":"1012","location_from":"275","location_to":"0","post_type":"hotel_room","location_type":"multi_location"},{"id":"122","post_id":"1012","location_from":"282","location_to":"0","post_type":"hotel_room","location_type":"multi_location"},{"id":"123","post_id":"1012","location_from":"284","location_to":"0","post_type":"hotel_room","location_type":"multi_location"},{"id":"124","post_id":"1012","location_from":"1944","location_to":"0","post_type":"hotel_room","location_type":"multi_location"},{"id":"125","post_id":"1012","location_from":"1945","location_to":"0","post_type":"hotel_room","location_type":"multi_location"},{"id":"126","post_id":"1012","location_from":"1946","location_to":"0","post_type":"hotel_room","location_type":"multi_location"},{"id":"127","post_id":"1012","location_from":"1947","location_to":"0","post_type":"hotel_room","location_type":"multi_location"},{"id":"128","post_id":"1012","location_from":"1952","location_to":"0","post_type":"hotel_room","location_type":"multi_location"},{"id":"129","post_id":"1012","location_from":"1957","location_to":"0","post_type":"hotel_room","location_type":"multi_location"},{"id":"130","post_id":"1012","location_from":"7965","location_to":"0","post_type":"hotel_room","location_type":"multi_location"},{"id":"131","post_id":"1012","location_from":"7967","location_to":"0","post_type":"hotel_room","location_type":"multi_location"},{"id":"132","post_id":"1012","location_from":"7970","location_to":"0","post_type":"hotel_room","location_type":"multi_location"},{"id":"133","post_id":"4581","location_from":"275","location_to":"0","post_type":"hotel_room","location_type":"multi_location"},{"id":"134","post_id":"4581","location_from":"282","location_to":"0","post_type":"hotel_room","location_type":"multi_location"},{"id":"135","post_id":"4581","location_from":"284","location_to":"0","post_type":"hotel_room","location_type":"multi_location"},{"id":"136","post_id":"4581","location_from":"1944","location_to":"0","post_type":"hotel_room","location_type":"multi_location"},{"id":"137","post_id":"4581","location_from":"1945","location_to":"0","post_type":"hotel_room","location_type":"multi_location"},{"id":"138","post_id":"4581","location_from":"1946","location_to":"0","post_type":"hotel_room","location_type":"multi_location"},{"id":"139","post_id":"4581","location_from":"1947","location_to":"0","post_type":"hotel_room","location_type":"multi_location"},{"id":"140","post_id":"4581","location_from":"1952","location_to":"0","post_type":"hotel_room","location_type":"multi_location"},{"id":"141","post_id":"4581","location_from":"1957","location_to":"0","post_type":"hotel_room","location_type":"multi_location"},{"id":"142","post_id":"4581","location_from":"7965","location_to":"0","post_type":"hotel_room","location_type":"multi_location"},{"id":"143","post_id":"4581","location_from":"7967","location_to":"0","post_type":"hotel_room","location_type":"multi_location"},{"id":"144","post_id":"4581","location_from":"7970","location_to":"0","post_type":"hotel_room","location_type":"multi_location"},{"id":"145","post_id":"4583","location_from":"275","location_to":"0","post_type":"hotel_room","location_type":"multi_location"},{"id":"146","post_id":"4583","location_from":"282","location_to":"0","post_type":"hotel_room","location_type":"multi_location"},{"id":"147","post_id":"4583","location_from":"284","location_to":"0","post_type":"hotel_room","location_type":"multi_location"},{"id":"148","post_id":"4583","location_from":"1944","location_to":"0","post_type":"hotel_room","location_type":"multi_location"},{"id":"149","post_id":"4583","location_from":"1945","location_to":"0","post_type":"hotel_room","location_type":"multi_location"},{"id":"150","post_id":"4583","location_from":"1946","location_to":"0","post_type":"hotel_room","location_type":"multi_location"},{"id":"151","post_id":"4583","location_from":"1947","location_to":"0","post_type":"hotel_room","location_type":"multi_location"},{"id":"152","post_id":"4583","location_from":"1952","location_to":"0","post_type":"hotel_room","location_type":"multi_location"},{"id":"153","post_id":"4583","location_from":"1957","location_to":"0","post_type":"hotel_room","location_type":"multi_location"},{"id":"154","post_id":"4583","location_from":"7965","location_to":"0","post_type":"hotel_room","location_type":"multi_location"},{"id":"155","post_id":"4583","location_from":"7967","location_to":"0","post_type":"hotel_room","location_type":"multi_location"},{"id":"156","post_id":"4583","location_from":"7970","location_to":"0","post_type":"hotel_room","location_type":"multi_location"},{"id":"157","post_id":"4586","location_from":"275","location_to":"0","post_type":"hotel_room","location_type":"multi_location"},{"id":"158","post_id":"4586","location_from":"282","location_to":"0","post_type":"hotel_room","location_type":"multi_location"},{"id":"159","post_id":"4586","location_from":"284","location_to":"0","post_type":"hotel_room","location_type":"multi_location"},{"id":"160","post_id":"4586","location_from":"1944","location_to":"0","post_type":"hotel_room","location_type":"multi_location"},{"id":"161","post_id":"4586","location_from":"1945","location_to":"0","post_type":"hotel_room","location_type":"multi_location"},{"id":"162","post_id":"4586","location_from":"1946","location_to":"0","post_type":"hotel_room","location_type":"multi_location"},{"id":"163","post_id":"4586","location_from":"1947","location_to":"0","post_type":"hotel_room","location_type":"multi_location"},{"id":"164","post_id":"4586","location_from":"1952","location_to":"0","post_type":"hotel_room","location_type":"multi_location"},{"id":"165","post_id":"4586","location_from":"1957","location_to":"0","post_type":"hotel_room","location_type":"multi_location"},{"id":"166","post_id":"4586","location_from":"7965","location_to":"0","post_type":"hotel_room","location_type":"multi_location"},{"id":"167","post_id":"4586","location_from":"7967","location_to":"0","post_type":"hotel_room","location_type":"multi_location"},{"id":"168","post_id":"4586","location_from":"7970","location_to":"0","post_type":"hotel_room","location_type":"multi_location"},{"id":"169","post_id":"4587","location_from":"275","location_to":"0","post_type":"hotel_room","location_type":"multi_location"},{"id":"170","post_id":"4587","location_from":"282","location_to":"0","post_type":"hotel_room","location_type":"multi_location"},{"id":"171","post_id":"4587","location_from":"284","location_to":"0","post_type":"hotel_room","location_type":"multi_location"},{"id":"172","post_id":"4587","location_from":"1944","location_to":"0","post_type":"hotel_room","location_type":"multi_location"},{"id":"173","post_id":"4587","location_from":"1945","location_to":"0","post_type":"hotel_room","location_type":"multi_location"},{"id":"174","post_id":"4587","location_from":"1946","location_to":"0","post_type":"hotel_room","location_type":"multi_location"},{"id":"175","post_id":"4587","location_from":"1947","location_to":"0","post_type":"hotel_room","location_type":"multi_location"},{"id":"176","post_id":"4587","location_from":"1952","location_to":"0","post_type":"hotel_room","location_type":"multi_location"},{"id":"177","post_id":"4587","location_from":"1957","location_to":"0","post_type":"hotel_room","location_type":"multi_location"},{"id":"178","post_id":"4587","location_from":"7965","location_to":"0","post_type":"hotel_room","location_type":"multi_location"},{"id":"179","post_id":"4587","location_from":"7967","location_to":"0","post_type":"hotel_room","location_type":"multi_location"},{"id":"180","post_id":"4587","location_from":"7970","location_to":"0","post_type":"hotel_room","location_type":"multi_location"},{"id":"181","post_id":"4588","location_from":"275","location_to":"0","post_type":"hotel_room","location_type":"multi_location"},{"id":"182","post_id":"4588","location_from":"282","location_to":"0","post_type":"hotel_room","location_type":"multi_location"},{"id":"183","post_id":"4588","location_from":"284","location_to":"0","post_type":"hotel_room","location_type":"multi_location"},{"id":"184","post_id":"4588","location_from":"1944","location_to":"0","post_type":"hotel_room","location_type":"multi_location"},{"id":"185","post_id":"4588","location_from":"1945","location_to":"0","post_type":"hotel_room","location_type":"multi_location"},{"id":"186","post_id":"4588","location_from":"1946","location_to":"0","post_type":"hotel_room","location_type":"multi_location"},{"id":"187","post_id":"4588","location_from":"1947","location_to":"0","post_type":"hotel_room","location_type":"multi_location"},{"id":"188","post_id":"4588","location_from":"1952","location_to":"0","post_type":"hotel_room","location_type":"multi_location"},{"id":"189","post_id":"4588","location_from":"1957","location_to":"0","post_type":"hotel_room","location_type":"multi_location"},{"id":"190","post_id":"4588","location_from":"7965","location_to":"0","post_type":"hotel_room","location_type":"multi_location"},{"id":"191","post_id":"4588","location_from":"7967","location_to":"0","post_type":"hotel_room","location_type":"multi_location"},{"id":"192","post_id":"4588","location_from":"7970","location_to":"0","post_type":"hotel_room","location_type":"multi_location"},{"id":"193","post_id":"4590","location_from":"275","location_to":"0","post_type":"hotel_room","location_type":"multi_location"},{"id":"194","post_id":"4590","location_from":"282","location_to":"0","post_type":"hotel_room","location_type":"multi_location"},{"id":"195","post_id":"4590","location_from":"284","location_to":"0","post_type":"hotel_room","location_type":"multi_location"},{"id":"196","post_id":"4590","location_from":"1944","location_to":"0","post_type":"hotel_room","location_type":"multi_location"},{"id":"197","post_id":"4590","location_from":"1945","location_to":"0","post_type":"hotel_room","location_type":"multi_location"},{"id":"198","post_id":"4590","location_from":"1946","location_to":"0","post_type":"hotel_room","location_type":"multi_location"},{"id":"199","post_id":"4590","location_from":"1947","location_to":"0","post_type":"hotel_room","location_type":"multi_location"},{"id":"200","post_id":"4590","location_from":"1952","location_to":"0","post_type":"hotel_room","location_type":"multi_location"},{"id":"201","post_id":"4590","location_from":"1957","location_to":"0","post_type":"hotel_room","location_type":"multi_location"},{"id":"202","post_id":"4590","location_from":"7965","location_to":"0","post_type":"hotel_room","location_type":"multi_location"},{"id":"203","post_id":"4590","location_from":"7967","location_to":"0","post_type":"hotel_room","location_type":"multi_location"},{"id":"204","post_id":"4590","location_from":"7970","location_to":"0","post_type":"hotel_room","location_type":"multi_location"},{"id":"205","post_id":"4593","location_from":"275","location_to":"0","post_type":"hotel_room","location_type":"multi_location"},{"id":"206","post_id":"4593","location_from":"282","location_to":"0","post_type":"hotel_room","location_type":"multi_location"},{"id":"207","post_id":"4593","location_from":"284","location_to":"0","post_type":"hotel_room","location_type":"multi_location"},{"id":"208","post_id":"4593","location_from":"1944","location_to":"0","post_type":"hotel_room","location_type":"multi_location"},{"id":"209","post_id":"4593","location_from":"1945","location_to":"0","post_type":"hotel_room","location_type":"multi_location"},{"id":"210","post_id":"4593","location_from":"1946","location_to":"0","post_type":"hotel_room","location_type":"multi_location"},{"id":"211","post_id":"4593","location_from":"1947","location_to":"0","post_type":"hotel_room","location_type":"multi_location"},{"id":"212","post_id":"4593","location_from":"1952","location_to":"0","post_type":"hotel_room","location_type":"multi_location"},{"id":"213","post_id":"4593","location_from":"1957","location_to":"0","post_type":"hotel_room","location_type":"multi_location"},{"id":"214","post_id":"4593","location_from":"7965","location_to":"0","post_type":"hotel_room","location_type":"multi_location"},{"id":"215","post_id":"4593","location_from":"7967","location_to":"0","post_type":"hotel_room","location_type":"multi_location"},{"id":"216","post_id":"4593","location_from":"7970","location_to":"0","post_type":"hotel_room","location_type":"multi_location"},{"id":"217","post_id":"4594","location_from":"275","location_to":"0","post_type":"hotel_room","location_type":"multi_location"},{"id":"218","post_id":"4594","location_from":"282","location_to":"0","post_type":"hotel_room","location_type":"multi_location"},{"id":"219","post_id":"4594","location_from":"284","location_to":"0","post_type":"hotel_room","location_type":"multi_location"},{"id":"220","post_id":"4594","location_from":"1944","location_to":"0","post_type":"hotel_room","location_type":"multi_location"},{"id":"221","post_id":"4594","location_from":"1945","location_to":"0","post_type":"hotel_room","location_type":"multi_location"},{"id":"222","post_id":"4594","location_from":"1946","location_to":"0","post_type":"hotel_room","location_type":"multi_location"},{"id":"223","post_id":"4594","location_from":"1947","location_to":"0","post_type":"hotel_room","location_type":"multi_location"},{"id":"224","post_id":"4594","location_from":"1952","location_to":"0","post_type":"hotel_room","location_type":"multi_location"},{"id":"225","post_id":"4594","location_from":"1957","location_to":"0","post_type":"hotel_room","location_type":"multi_location"},{"id":"226","post_id":"4594","location_from":"7965","location_to":"0","post_type":"hotel_room","location_type":"multi_location"},{"id":"227","post_id":"4594","location_from":"7967","location_to":"0","post_type":"hotel_room","location_type":"multi_location"},{"id":"228","post_id":"4594","location_from":"7970","location_to":"0","post_type":"hotel_room","location_type":"multi_location"},{"id":"229","post_id":"4596","location_from":"275","location_to":"0","post_type":"hotel_room","location_type":"multi_location"},{"id":"230","post_id":"4596","location_from":"282","location_to":"0","post_type":"hotel_room","location_type":"multi_location"},{"id":"231","post_id":"4596","location_from":"284","location_to":"0","post_type":"hotel_room","location_type":"multi_location"},{"id":"232","post_id":"4596","location_from":"1944","location_to":"0","post_type":"hotel_room","location_type":"multi_location"},{"id":"233","post_id":"4596","location_from":"1945","location_to":"0","post_type":"hotel_room","location_type":"multi_location"},{"id":"234","post_id":"4596","location_from":"1946","location_to":"0","post_type":"hotel_room","location_type":"multi_location"},{"id":"235","post_id":"4596","location_from":"1947","location_to":"0","post_type":"hotel_room","location_type":"multi_location"},{"id":"236","post_id":"4596","location_from":"1952","location_to":"0","post_type":"hotel_room","location_type":"multi_location"},{"id":"237","post_id":"4596","location_from":"1957","location_to":"0","post_type":"hotel_room","location_type":"multi_location"},{"id":"238","post_id":"4596","location_from":"7965","location_to":"0","post_type":"hotel_room","location_type":"multi_location"},{"id":"239","post_id":"4596","location_from":"7967","location_to":"0","post_type":"hotel_room","location_type":"multi_location"},{"id":"240","post_id":"4596","location_from":"7970","location_to":"0","post_type":"hotel_room","location_type":"multi_location"},{"id":"241","post_id":"4597","location_from":"275","location_to":"0","post_type":"hotel_room","location_type":"multi_location"},{"id":"242","post_id":"4597","location_from":"282","location_to":"0","post_type":"hotel_room","location_type":"multi_location"},{"id":"243","post_id":"4597","location_from":"284","location_to":"0","post_type":"hotel_room","location_type":"multi_location"},{"id":"244","post_id":"4597","location_from":"1944","location_to":"0","post_type":"hotel_room","location_type":"multi_location"},{"id":"245","post_id":"4597","location_from":"1945","location_to":"0","post_type":"hotel_room","location_type":"multi_location"},{"id":"246","post_id":"4597","location_from":"1946","location_to":"0","post_type":"hotel_room","location_type":"multi_location"},{"id":"247","post_id":"4597","location_from":"1947","location_to":"0","post_type":"hotel_room","location_type":"multi_location"},{"id":"248","post_id":"4597","location_from":"1952","location_to":"0","post_type":"hotel_room","location_type":"multi_location"},{"id":"249","post_id":"4597","location_from":"1957","location_to":"0","post_type":"hotel_room","location_type":"multi_location"},{"id":"250","post_id":"4597","location_from":"7965","location_to":"0","post_type":"hotel_room","location_type":"multi_location"},{"id":"251","post_id":"4597","location_from":"7967","location_to":"0","post_type":"hotel_room","location_type":"multi_location"},{"id":"252","post_id":"4597","location_from":"7970","location_to":"0","post_type":"hotel_room","location_type":"multi_location"},{"id":"253","post_id":"4598","location_from":"275","location_to":"0","post_type":"hotel_room","location_type":"multi_location"},{"id":"254","post_id":"4598","location_from":"282","location_to":"0","post_type":"hotel_room","location_type":"multi_location"},{"id":"255","post_id":"4598","location_from":"284","location_to":"0","post_type":"hotel_room","location_type":"multi_location"},{"id":"256","post_id":"4598","location_from":"1944","location_to":"0","post_type":"hotel_room","location_type":"multi_location"},{"id":"257","post_id":"4598","location_from":"1945","location_to":"0","post_type":"hotel_room","location_type":"multi_location"},{"id":"258","post_id":"4598","location_from":"1946","location_to":"0","post_type":"hotel_room","location_type":"multi_location"},{"id":"259","post_id":"4598","location_from":"1947","location_to":"0","post_type":"hotel_room","location_type":"multi_location"},{"id":"260","post_id":"4598","location_from":"1952","location_to":"0","post_type":"hotel_room","location_type":"multi_location"},{"id":"261","post_id":"4598","location_from":"1957","location_to":"0","post_type":"hotel_room","location_type":"multi_location"},{"id":"262","post_id":"4598","location_from":"7965","location_to":"0","post_type":"hotel_room","location_type":"multi_location"},{"id":"263","post_id":"4598","location_from":"7967","location_to":"0","post_type":"hotel_room","location_type":"multi_location"},{"id":"264","post_id":"4598","location_from":"7970","location_to":"0","post_type":"hotel_room","location_type":"multi_location"},{"id":"265","post_id":"4605","location_from":"275","location_to":"0","post_type":"hotel_room","location_type":"multi_location"},{"id":"266","post_id":"4605","location_from":"282","location_to":"0","post_type":"hotel_room","location_type":"multi_location"},{"id":"267","post_id":"4605","location_from":"284","location_to":"0","post_type":"hotel_room","location_type":"multi_location"},{"id":"268","post_id":"4605","location_from":"1944","location_to":"0","post_type":"hotel_room","location_type":"multi_location"},{"id":"269","post_id":"4605","location_from":"1945","location_to":"0","post_type":"hotel_room","location_type":"multi_location"},{"id":"270","post_id":"4605","location_from":"1946","location_to":"0","post_type":"hotel_room","location_type":"multi_location"},{"id":"271","post_id":"4605","location_from":"1947","location_to":"0","post_type":"hotel_room","location_type":"multi_location"},{"id":"272","post_id":"4605","location_from":"1952","location_to":"0","post_type":"hotel_room","location_type":"multi_location"},{"id":"273","post_id":"4605","location_from":"1957","location_to":"0","post_type":"hotel_room","location_type":"multi_location"},{"id":"274","post_id":"4605","location_from":"7965","location_to":"0","post_type":"hotel_room","location_type":"multi_location"},{"id":"275","post_id":"4605","location_from":"7967","location_to":"0","post_type":"hotel_room","location_type":"multi_location"},{"id":"276","post_id":"4605","location_from":"7970","location_to":"0","post_type":"hotel_room","location_type":"multi_location"},{"id":"277","post_id":"4606","location_from":"275","location_to":"0","post_type":"hotel_room","location_type":"multi_location"},{"id":"278","post_id":"4606","location_from":"282","location_to":"0","post_type":"hotel_room","location_type":"multi_location"},{"id":"279","post_id":"4606","location_from":"284","location_to":"0","post_type":"hotel_room","location_type":"multi_location"},{"id":"280","post_id":"4606","location_from":"1944","location_to":"0","post_type":"hotel_room","location_type":"multi_location"},{"id":"281","post_id":"4606","location_from":"1945","location_to":"0","post_type":"hotel_room","location_type":"multi_location"},{"id":"282","post_id":"4606","location_from":"1946","location_to":"0","post_type":"hotel_room","location_type":"multi_location"},{"id":"283","post_id":"4606","location_from":"1947","location_to":"0","post_type":"hotel_room","location_type":"multi_location"},{"id":"284","post_id":"4606","location_from":"1952","location_to":"0","post_type":"hotel_room","location_type":"multi_location"},{"id":"285","post_id":"4606","location_from":"1957","location_to":"0","post_type":"hotel_room","location_type":"multi_location"},{"id":"286","post_id":"4606","location_from":"7965","location_to":"0","post_type":"hotel_room","location_type":"multi_location"},{"id":"287","post_id":"4606","location_from":"7967","location_to":"0","post_type":"hotel_room","location_type":"multi_location"},{"id":"288","post_id":"4606","location_from":"7970","location_to":"0","post_type":"hotel_room","location_type":"multi_location"},{"id":"289","post_id":"4765","location_from":"275","location_to":"0","post_type":"hotel_room","location_type":"multi_location"},{"id":"290","post_id":"4765","location_from":"282","location_to":"0","post_type":"hotel_room","location_type":"multi_location"},{"id":"291","post_id":"4765","location_from":"284","location_to":"0","post_type":"hotel_room","location_type":"multi_location"},{"id":"292","post_id":"4765","location_from":"1944","location_to":"0","post_type":"hotel_room","location_type":"multi_location"},{"id":"293","post_id":"4765","location_from":"1945","location_to":"0","post_type":"hotel_room","location_type":"multi_location"},{"id":"294","post_id":"4765","location_from":"1946","location_to":"0","post_type":"hotel_room","location_type":"multi_location"},{"id":"295","post_id":"4765","location_from":"1947","location_to":"0","post_type":"hotel_room","location_type":"multi_location"},{"id":"296","post_id":"4765","location_from":"1952","location_to":"0","post_type":"hotel_room","location_type":"multi_location"},{"id":"297","post_id":"4765","location_from":"1957","location_to":"0","post_type":"hotel_room","location_type":"multi_location"},{"id":"298","post_id":"4765","location_from":"7965","location_to":"0","post_type":"hotel_room","location_type":"multi_location"},{"id":"299","post_id":"4765","location_from":"7967","location_to":"0","post_type":"hotel_room","location_type":"multi_location"},{"id":"300","post_id":"4765","location_from":"7970","location_to":"0","post_type":"hotel_room","location_type":"multi_location"}]