<?xml version="1.0" encoding="UTF-8" ?>
<!-- This is a WordPress eXtended RSS file generated by WordPress as an export of your site. -->
<!-- It contains information about your site's posts, pages, comments, categories, and other content. -->
<!-- You may use this file to transfer that content from one site to another. -->
<!-- This file is not intended to serve as a complete backup of your site. -->

<!-- To import this information into a WordPress site follow these steps: -->
<!-- 1. Log in to that site as an administrator. -->
<!-- 2. Go to Tools: Import in the WordPress admin panel. -->
<!-- 3. Install the "WordPress" importer from the list. -->
<!-- 4. Activate & Run Importer. -->
<!-- 5. Upload this file using the form provided on that page. -->
<!-- 6. You will first be asked to map the authors in this export file to users -->
<!--    on the site. For each author, you may choose to map to an -->
<!--    existing user on the site or to create a new user. -->
<!-- 7. WordPress will then import each of the posts, pages, comments, categories, etc. -->
<!--    contained in this file into your site. -->

	<!-- generator="WordPress/5.1.1" created="2019-03-21 04:50" -->
<rss version="2.0"
	xmlns:excerpt="http://wordpress.org/export/1.2/excerpt/"
	xmlns:content="http://purl.org/rss/1.0/modules/content/"
	xmlns:wfw="http://wellformedweb.org/CommentAPI/"
	xmlns:dc="http://purl.org/dc/elements/1.1/"
	xmlns:wp="http://wordpress.org/export/1.2/"
>

<channel>
	<title>Single Hotel</title>
	<link>https://shinetheme.com/travelerdata/singlehotel</link>
	<description></description>
	<pubDate>Thu, 21 Mar 2019 04:50:09 +0000</pubDate>
	<language>en-US</language>
	<wp:wxr_version>1.2</wp:wxr_version>
	<wp:base_site_url>https://shinetheme.com/travelerdata/singlehotel</wp:base_site_url>
	<wp:base_blog_url>https://shinetheme.com/travelerdata/singlehotel</wp:base_blog_url>

		<wp:author><wp:author_id>1</wp:author_id><wp:author_login><![CDATA[phpleaderpro]]></wp:author_login><wp:author_email><![CDATA[phpleaderpro@gmail.com]]></wp:author_email><wp:author_display_name><![CDATA[phpleaderpro]]></wp:author_display_name><wp:author_first_name><![CDATA[Jream]]></wp:author_first_name><wp:author_last_name><![CDATA[OQ]]></wp:author_last_name></wp:author>

				
	<generator>https://wordpress.org/?v=5.1.1</generator>

		<item>
		<title>
				placeholder_1200X900		</title>
		<link>https://shinetheme.com/travelerdata/singlehotel/st_hotel/hotel-stanford/placeholder_1200x900/</link>
		<pubDate>Thu, 21 Mar 2019 03:56:07 +0000</pubDate>
		<dc:creator><![CDATA[phpleaderpro]]></dc:creator>
		<guid isPermaLink="false">https://shinetheme.com/travelerdata/singlehotel/wp-content/uploads/2014/12/placeholder_1200X900.jpg</guid>
		<description></description>
		<content:encoded>
				<![CDATA[]]>		</content:encoded>
		<excerpt:encoded>
				<![CDATA[]]>		</excerpt:encoded>
		<wp:post_id>8874</wp:post_id>
		<wp:post_date><![CDATA[2019-03-21 03:56:07]]></wp:post_date>
		<wp:post_date_gmt><![CDATA[2019-03-21 03:56:07]]></wp:post_date_gmt>
		<wp:comment_status><![CDATA[open]]></wp:comment_status>
		<wp:ping_status><![CDATA[closed]]></wp:ping_status>
		<wp:post_name><![CDATA[placeholder_1200x900]]></wp:post_name>
		<wp:status><![CDATA[inherit]]></wp:status>
		<wp:post_parent>991</wp:post_parent>
		<wp:menu_order>0</wp:menu_order>
		<wp:post_type><![CDATA[attachment]]></wp:post_type>
		<wp:post_password><![CDATA[]]></wp:post_password>
		<wp:is_sticky>0</wp:is_sticky>
						<wp:attachment_url><![CDATA[https://shinetheme.com/travelerdata/singlehotel/wp-content/uploads/2014/12/placeholder_1200X900.jpg]]></wp:attachment_url>
											<wp:postmeta>
		<wp:meta_key><![CDATA[_edit_last]]></wp:meta_key>
		<wp:meta_value><![CDATA[1]]></wp:meta_value>
		</wp:postmeta>
							<wp:postmeta>
		<wp:meta_key><![CDATA[_wp_attachment_metadata]]></wp:meta_key>
		<wp:meta_value><![CDATA[a:5:{s:5:"width";i:1200;s:6:"height";i:900;s:4:"file";s:32:"2014/12/placeholder_1200X900.jpg";s:5:"sizes";a:12:{s:9:"thumbnail";a:4:{s:4:"file";s:32:"placeholder_1200X900-150x150.jpg";s:5:"width";i:150;s:6:"height";i:150;s:9:"mime-type";s:10:"image/jpeg";}s:6:"medium";a:4:{s:4:"file";s:32:"placeholder_1200X900-300x300.jpg";s:5:"width";i:300;s:6:"height";i:300;s:9:"mime-type";s:10:"image/jpeg";}s:12:"medium_large";a:4:{s:4:"file";s:32:"placeholder_1200X900-768x576.jpg";s:5:"width";i:768;s:6:"height";i:576;s:9:"mime-type";s:10:"image/jpeg";}s:5:"large";a:4:{s:4:"file";s:34:"placeholder_1200X900-1024x1024.jpg";s:5:"width";i:1024;s:6:"height";i:1024;s:9:"mime-type";s:10:"image/jpeg";}s:21:"woocommerce_thumbnail";a:5:{s:4:"file";s:32:"placeholder_1200X900-300x300.jpg";s:5:"width";i:300;s:6:"height";i:300;s:9:"mime-type";s:10:"image/jpeg";s:9:"uncropped";b:0;}s:18:"woocommerce_single";a:4:{s:4:"file";s:32:"placeholder_1200X900-600x450.jpg";s:5:"width";i:600;s:6:"height";i:450;s:9:"mime-type";s:10:"image/jpeg";}s:29:"woocommerce_gallery_thumbnail";a:4:{s:4:"file";s:32:"placeholder_1200X900-100x100.jpg";s:5:"width";i:100;s:6:"height";i:100;s:9:"mime-type";s:10:"image/jpeg";}s:12:"shop_catalog";a:4:{s:4:"file";s:32:"placeholder_1200X900-300x300.jpg";s:5:"width";i:300;s:6:"height";i:300;s:9:"mime-type";s:10:"image/jpeg";}s:11:"shop_single";a:4:{s:4:"file";s:32:"placeholder_1200X900-600x450.jpg";s:5:"width";i:600;s:6:"height";i:450;s:9:"mime-type";s:10:"image/jpeg";}s:14:"shop_thumbnail";a:4:{s:4:"file";s:32:"placeholder_1200X900-100x100.jpg";s:5:"width";i:100;s:6:"height";i:100;s:9:"mime-type";s:10:"image/jpeg";}s:7:"900x450";a:4:{s:4:"file";s:32:"placeholder_1200X900-900x450.jpg";s:5:"width";i:900;s:6:"height";i:450;s:9:"mime-type";s:10:"image/jpeg";}s:7:"370x370";a:4:{s:4:"file";s:32:"placeholder_1200X900-370x370.jpg";s:5:"width";i:370;s:6:"height";i:370;s:9:"mime-type";s:10:"image/jpeg";}}s:10:"image_meta";a:12:{s:8:"aperture";s:1:"0";s:6:"credit";s:0:"";s:6:"camera";s:0:"";s:7:"caption";s:0:"";s:17:"created_timestamp";s:1:"0";s:9:"copyright";s:0:"";s:12:"focal_length";s:1:"0";s:3:"iso";s:1:"0";s:13:"shutter_speed";s:1:"0";s:5:"title";s:0:"";s:11:"orientation";s:1:"0";s:8:"keywords";a:0:{}}}]]></wp:meta_value>
		</wp:postmeta>
							<wp:postmeta>
		<wp:meta_key><![CDATA[_wp_attached_file]]></wp:meta_key>
		<wp:meta_value><![CDATA[2014/12/placeholder_1200X900.jpg]]></wp:meta_value>
		</wp:postmeta>
							</item>
					<item>
		<title>
				placeholder_1200X900		</title>
		<link>https://shinetheme.com/travelerdata/singlehotel/st_hotel/hotel-stanford/placeholder_1200x900-2/</link>
		<pubDate>Thu, 21 Mar 2019 03:56:04 +0000</pubDate>
		<dc:creator><![CDATA[phpleaderpro]]></dc:creator>
		<guid isPermaLink="false">https://shinetheme.com/travelerdata/singlehotel/wp-content/uploads/2014/12/placeholder_1200X900-1.jpg</guid>
		<description></description>
		<content:encoded>
				<![CDATA[]]>		</content:encoded>
		<excerpt:encoded>
				<![CDATA[]]>		</excerpt:encoded>
		<wp:post_id>8875</wp:post_id>
		<wp:post_date><![CDATA[2019-03-21 03:56:04]]></wp:post_date>
		<wp:post_date_gmt><![CDATA[2019-03-21 03:56:04]]></wp:post_date_gmt>
		<wp:comment_status><![CDATA[open]]></wp:comment_status>
		<wp:ping_status><![CDATA[closed]]></wp:ping_status>
		<wp:post_name><![CDATA[placeholder_1200x900-2]]></wp:post_name>
		<wp:status><![CDATA[inherit]]></wp:status>
		<wp:post_parent>991</wp:post_parent>
		<wp:menu_order>0</wp:menu_order>
		<wp:post_type><![CDATA[attachment]]></wp:post_type>
		<wp:post_password><![CDATA[]]></wp:post_password>
		<wp:is_sticky>0</wp:is_sticky>
						<wp:attachment_url><![CDATA[https://shinetheme.com/travelerdata/singlehotel/wp-content/uploads/2014/12/placeholder_1200X900-1.jpg]]></wp:attachment_url>
											<wp:postmeta>
		<wp:meta_key><![CDATA[_wp_attached_file]]></wp:meta_key>
		<wp:meta_value><![CDATA[2014/12/placeholder_1200X900-1.jpg]]></wp:meta_value>
		</wp:postmeta>
							<wp:postmeta>
		<wp:meta_key><![CDATA[_wp_attachment_metadata]]></wp:meta_key>
		<wp:meta_value><![CDATA[a:5:{s:5:"width";i:1200;s:6:"height";i:900;s:4:"file";s:34:"2014/12/placeholder_1200X900-1.jpg";s:5:"sizes";a:12:{s:9:"thumbnail";a:4:{s:4:"file";s:34:"placeholder_1200X900-1-150x150.jpg";s:5:"width";i:150;s:6:"height";i:150;s:9:"mime-type";s:10:"image/jpeg";}s:6:"medium";a:4:{s:4:"file";s:34:"placeholder_1200X900-1-300x300.jpg";s:5:"width";i:300;s:6:"height";i:300;s:9:"mime-type";s:10:"image/jpeg";}s:12:"medium_large";a:4:{s:4:"file";s:34:"placeholder_1200X900-1-768x576.jpg";s:5:"width";i:768;s:6:"height";i:576;s:9:"mime-type";s:10:"image/jpeg";}s:5:"large";a:4:{s:4:"file";s:36:"placeholder_1200X900-1-1024x1024.jpg";s:5:"width";i:1024;s:6:"height";i:1024;s:9:"mime-type";s:10:"image/jpeg";}s:21:"woocommerce_thumbnail";a:5:{s:4:"file";s:34:"placeholder_1200X900-1-300x300.jpg";s:5:"width";i:300;s:6:"height";i:300;s:9:"mime-type";s:10:"image/jpeg";s:9:"uncropped";b:0;}s:18:"woocommerce_single";a:4:{s:4:"file";s:34:"placeholder_1200X900-1-600x450.jpg";s:5:"width";i:600;s:6:"height";i:450;s:9:"mime-type";s:10:"image/jpeg";}s:29:"woocommerce_gallery_thumbnail";a:4:{s:4:"file";s:34:"placeholder_1200X900-1-100x100.jpg";s:5:"width";i:100;s:6:"height";i:100;s:9:"mime-type";s:10:"image/jpeg";}s:12:"shop_catalog";a:4:{s:4:"file";s:34:"placeholder_1200X900-1-300x300.jpg";s:5:"width";i:300;s:6:"height";i:300;s:9:"mime-type";s:10:"image/jpeg";}s:11:"shop_single";a:4:{s:4:"file";s:34:"placeholder_1200X900-1-600x450.jpg";s:5:"width";i:600;s:6:"height";i:450;s:9:"mime-type";s:10:"image/jpeg";}s:14:"shop_thumbnail";a:4:{s:4:"file";s:34:"placeholder_1200X900-1-100x100.jpg";s:5:"width";i:100;s:6:"height";i:100;s:9:"mime-type";s:10:"image/jpeg";}s:7:"900x450";a:4:{s:4:"file";s:34:"placeholder_1200X900-1-900x450.jpg";s:5:"width";i:900;s:6:"height";i:450;s:9:"mime-type";s:10:"image/jpeg";}s:7:"370x370";a:4:{s:4:"file";s:34:"placeholder_1200X900-1-370x370.jpg";s:5:"width";i:370;s:6:"height";i:370;s:9:"mime-type";s:10:"image/jpeg";}}s:10:"image_meta";a:12:{s:8:"aperture";s:1:"0";s:6:"credit";s:0:"";s:6:"camera";s:0:"";s:7:"caption";s:0:"";s:17:"created_timestamp";s:1:"0";s:9:"copyright";s:0:"";s:12:"focal_length";s:1:"0";s:3:"iso";s:1:"0";s:13:"shutter_speed";s:1:"0";s:5:"title";s:0:"";s:11:"orientation";s:1:"0";s:8:"keywords";a:0:{}}}]]></wp:meta_value>
		</wp:postmeta>
							<wp:postmeta>
		<wp:meta_key><![CDATA[_edit_last]]></wp:meta_key>
		<wp:meta_value><![CDATA[1]]></wp:meta_value>
		</wp:postmeta>
							</item>
					<item>
		<title>
				placeholder_1200X900		</title>
		<link>https://shinetheme.com/travelerdata/singlehotel/st_hotel/hotel-stanford/placeholder_1200x900-3/</link>
		<pubDate>Thu, 21 Mar 2019 03:55:59 +0000</pubDate>
		<dc:creator><![CDATA[phpleaderpro]]></dc:creator>
		<guid isPermaLink="false">https://shinetheme.com/travelerdata/singlehotel/wp-content/uploads/2014/12/placeholder_1200X900-2.jpg</guid>
		<description></description>
		<content:encoded>
				<![CDATA[]]>		</content:encoded>
		<excerpt:encoded>
				<![CDATA[]]>		</excerpt:encoded>
		<wp:post_id>8876</wp:post_id>
		<wp:post_date><![CDATA[2019-03-21 03:55:59]]></wp:post_date>
		<wp:post_date_gmt><![CDATA[2019-03-21 03:55:59]]></wp:post_date_gmt>
		<wp:comment_status><![CDATA[open]]></wp:comment_status>
		<wp:ping_status><![CDATA[closed]]></wp:ping_status>
		<wp:post_name><![CDATA[placeholder_1200x900-3]]></wp:post_name>
		<wp:status><![CDATA[inherit]]></wp:status>
		<wp:post_parent>991</wp:post_parent>
		<wp:menu_order>0</wp:menu_order>
		<wp:post_type><![CDATA[attachment]]></wp:post_type>
		<wp:post_password><![CDATA[]]></wp:post_password>
		<wp:is_sticky>0</wp:is_sticky>
						<wp:attachment_url><![CDATA[https://shinetheme.com/travelerdata/singlehotel/wp-content/uploads/2014/12/placeholder_1200X900-2.jpg]]></wp:attachment_url>
											<wp:postmeta>
		<wp:meta_key><![CDATA[_wp_attached_file]]></wp:meta_key>
		<wp:meta_value><![CDATA[2014/12/placeholder_1200X900-2.jpg]]></wp:meta_value>
		</wp:postmeta>
							<wp:postmeta>
		<wp:meta_key><![CDATA[_wp_attachment_metadata]]></wp:meta_key>
		<wp:meta_value><![CDATA[a:5:{s:5:"width";i:1200;s:6:"height";i:900;s:4:"file";s:34:"2014/12/placeholder_1200X900-2.jpg";s:5:"sizes";a:13:{s:9:"thumbnail";a:4:{s:4:"file";s:34:"placeholder_1200X900-2-150x150.jpg";s:5:"width";i:150;s:6:"height";i:150;s:9:"mime-type";s:10:"image/jpeg";}s:6:"medium";a:4:{s:4:"file";s:34:"placeholder_1200X900-2-300x300.jpg";s:5:"width";i:300;s:6:"height";i:300;s:9:"mime-type";s:10:"image/jpeg";}s:12:"medium_large";a:4:{s:4:"file";s:34:"placeholder_1200X900-2-768x576.jpg";s:5:"width";i:768;s:6:"height";i:576;s:9:"mime-type";s:10:"image/jpeg";}s:5:"large";a:4:{s:4:"file";s:36:"placeholder_1200X900-2-1024x1024.jpg";s:5:"width";i:1024;s:6:"height";i:1024;s:9:"mime-type";s:10:"image/jpeg";}s:21:"woocommerce_thumbnail";a:5:{s:4:"file";s:34:"placeholder_1200X900-2-300x300.jpg";s:5:"width";i:300;s:6:"height";i:300;s:9:"mime-type";s:10:"image/jpeg";s:9:"uncropped";b:0;}s:18:"woocommerce_single";a:4:{s:4:"file";s:34:"placeholder_1200X900-2-600x450.jpg";s:5:"width";i:600;s:6:"height";i:450;s:9:"mime-type";s:10:"image/jpeg";}s:29:"woocommerce_gallery_thumbnail";a:4:{s:4:"file";s:34:"placeholder_1200X900-2-100x100.jpg";s:5:"width";i:100;s:6:"height";i:100;s:9:"mime-type";s:10:"image/jpeg";}s:12:"shop_catalog";a:4:{s:4:"file";s:34:"placeholder_1200X900-2-300x300.jpg";s:5:"width";i:300;s:6:"height";i:300;s:9:"mime-type";s:10:"image/jpeg";}s:11:"shop_single";a:4:{s:4:"file";s:34:"placeholder_1200X900-2-600x450.jpg";s:5:"width";i:600;s:6:"height";i:450;s:9:"mime-type";s:10:"image/jpeg";}s:14:"shop_thumbnail";a:4:{s:4:"file";s:34:"placeholder_1200X900-2-100x100.jpg";s:5:"width";i:100;s:6:"height";i:100;s:9:"mime-type";s:10:"image/jpeg";}s:7:"900x450";a:4:{s:4:"file";s:34:"placeholder_1200X900-2-900x450.jpg";s:5:"width";i:900;s:6:"height";i:450;s:9:"mime-type";s:10:"image/jpeg";}s:7:"750x370";a:4:{s:4:"file";s:34:"placeholder_1200X900-2-750x370.jpg";s:5:"width";i:750;s:6:"height";i:370;s:9:"mime-type";s:10:"image/jpeg";}s:7:"370x370";a:4:{s:4:"file";s:34:"placeholder_1200X900-2-370x370.jpg";s:5:"width";i:370;s:6:"height";i:370;s:9:"mime-type";s:10:"image/jpeg";}}s:10:"image_meta";a:12:{s:8:"aperture";s:1:"0";s:6:"credit";s:0:"";s:6:"camera";s:0:"";s:7:"caption";s:0:"";s:17:"created_timestamp";s:1:"0";s:9:"copyright";s:0:"";s:12:"focal_length";s:1:"0";s:3:"iso";s:1:"0";s:13:"shutter_speed";s:1:"0";s:5:"title";s:0:"";s:11:"orientation";s:1:"0";s:8:"keywords";a:0:{}}}]]></wp:meta_value>
		</wp:postmeta>
							<wp:postmeta>
		<wp:meta_key><![CDATA[_edit_last]]></wp:meta_key>
		<wp:meta_value><![CDATA[1]]></wp:meta_value>
		</wp:postmeta>
							</item>
					<item>
		<title>
				ico_scroll-1		</title>
		<link>https://shinetheme.com/travelerdata/singlehotel/home-page/ico_scroll-1/</link>
		<pubDate>Wed, 20 Mar 2019 09:16:08 +0000</pubDate>
		<dc:creator><![CDATA[phpleaderpro]]></dc:creator>
		<guid isPermaLink="false">https://shinetheme.com/travelerdata/singlehotel/wp-content/uploads/2019/03/ico_scroll-1.svg</guid>
		<description></description>
		<content:encoded>
				<![CDATA[]]>		</content:encoded>
		<excerpt:encoded>
				<![CDATA[]]>		</excerpt:encoded>
		<wp:post_id>8878</wp:post_id>
		<wp:post_date><![CDATA[2019-03-20 09:16:08]]></wp:post_date>
		<wp:post_date_gmt><![CDATA[2019-03-20 09:16:08]]></wp:post_date_gmt>
		<wp:comment_status><![CDATA[open]]></wp:comment_status>
		<wp:ping_status><![CDATA[closed]]></wp:ping_status>
		<wp:post_name><![CDATA[ico_scroll-1]]></wp:post_name>
		<wp:status><![CDATA[inherit]]></wp:status>
		<wp:post_parent>7414</wp:post_parent>
		<wp:menu_order>0</wp:menu_order>
		<wp:post_type><![CDATA[attachment]]></wp:post_type>
		<wp:post_password><![CDATA[]]></wp:post_password>
		<wp:is_sticky>0</wp:is_sticky>
						<wp:attachment_url><![CDATA[https://shinetheme.com/travelerdata/singlehotel/wp-content/uploads/2019/03/ico_scroll-1.svg]]></wp:attachment_url>
											<wp:postmeta>
		<wp:meta_key><![CDATA[_wp_attached_file]]></wp:meta_key>
		<wp:meta_value><![CDATA[2019/03/ico_scroll-1.svg]]></wp:meta_value>
		</wp:postmeta>
							</item>
					<item>
		<title>
				instagram		</title>
		<link>https://shinetheme.com/travelerdata/singlehotel/home-page/instagram/</link>
		<pubDate>Wed, 20 Mar 2019 09:20:03 +0000</pubDate>
		<dc:creator><![CDATA[phpleaderpro]]></dc:creator>
		<guid isPermaLink="false">https://shinetheme.com/travelerdata/singlehotel/wp-content/uploads/2019/03/instagram.svg</guid>
		<description></description>
		<content:encoded>
				<![CDATA[]]>		</content:encoded>
		<excerpt:encoded>
				<![CDATA[]]>		</excerpt:encoded>
		<wp:post_id>8879</wp:post_id>
		<wp:post_date><![CDATA[2019-03-20 09:20:03]]></wp:post_date>
		<wp:post_date_gmt><![CDATA[2019-03-20 09:20:03]]></wp:post_date_gmt>
		<wp:comment_status><![CDATA[open]]></wp:comment_status>
		<wp:ping_status><![CDATA[closed]]></wp:ping_status>
		<wp:post_name><![CDATA[instagram]]></wp:post_name>
		<wp:status><![CDATA[inherit]]></wp:status>
		<wp:post_parent>7414</wp:post_parent>
		<wp:menu_order>0</wp:menu_order>
		<wp:post_type><![CDATA[attachment]]></wp:post_type>
		<wp:post_password><![CDATA[]]></wp:post_password>
		<wp:is_sticky>0</wp:is_sticky>
						<wp:attachment_url><![CDATA[https://shinetheme.com/travelerdata/singlehotel/wp-content/uploads/2019/03/instagram.svg]]></wp:attachment_url>
											<wp:postmeta>
		<wp:meta_key><![CDATA[_wp_attached_file]]></wp:meta_key>
		<wp:meta_value><![CDATA[2019/03/instagram.svg]]></wp:meta_value>
		</wp:postmeta>
							</item>
					<item>
		<title>
				placeholder_1200X900-2		</title>
		<link>https://shinetheme.com/travelerdata/singlehotel/gallery/placeholder_1200x900-2-2/</link>
		<pubDate>Thu, 21 Mar 2019 03:55:52 +0000</pubDate>
		<dc:creator><![CDATA[phpleaderpro]]></dc:creator>
		<guid isPermaLink="false">https://shinetheme.com/travelerdata/singlehotel/wp-content/uploads/2019/03/placeholder_1200X900-2.jpg</guid>
		<description></description>
		<content:encoded>
				<![CDATA[]]>		</content:encoded>
		<excerpt:encoded>
				<![CDATA[]]>		</excerpt:encoded>
		<wp:post_id>8916</wp:post_id>
		<wp:post_date><![CDATA[2019-03-21 03:55:52]]></wp:post_date>
		<wp:post_date_gmt><![CDATA[2019-03-21 03:55:52]]></wp:post_date_gmt>
		<wp:comment_status><![CDATA[open]]></wp:comment_status>
		<wp:ping_status><![CDATA[closed]]></wp:ping_status>
		<wp:post_name><![CDATA[placeholder_1200x900-2-2]]></wp:post_name>
		<wp:status><![CDATA[inherit]]></wp:status>
		<wp:post_parent>8489</wp:post_parent>
		<wp:menu_order>0</wp:menu_order>
		<wp:post_type><![CDATA[attachment]]></wp:post_type>
		<wp:post_password><![CDATA[]]></wp:post_password>
		<wp:is_sticky>0</wp:is_sticky>
						<wp:attachment_url><![CDATA[https://shinetheme.com/travelerdata/singlehotel/wp-content/uploads/2019/03/placeholder_1200X900-2.jpg]]></wp:attachment_url>
											<wp:postmeta>
		<wp:meta_key><![CDATA[_edit_last]]></wp:meta_key>
		<wp:meta_value><![CDATA[1]]></wp:meta_value>
		</wp:postmeta>
							<wp:postmeta>
		<wp:meta_key><![CDATA[_wp_attachment_metadata]]></wp:meta_key>
		<wp:meta_value><![CDATA[a:5:{s:5:"width";i:1200;s:6:"height";i:900;s:4:"file";s:34:"2019/03/placeholder_1200X900-2.jpg";s:5:"sizes";a:11:{s:9:"thumbnail";a:4:{s:4:"file";s:34:"placeholder_1200X900-2-150x150.jpg";s:5:"width";i:150;s:6:"height";i:150;s:9:"mime-type";s:10:"image/jpeg";}s:6:"medium";a:4:{s:4:"file";s:34:"placeholder_1200X900-2-300x300.jpg";s:5:"width";i:300;s:6:"height";i:300;s:9:"mime-type";s:10:"image/jpeg";}s:12:"medium_large";a:4:{s:4:"file";s:34:"placeholder_1200X900-2-768x576.jpg";s:5:"width";i:768;s:6:"height";i:576;s:9:"mime-type";s:10:"image/jpeg";}s:5:"large";a:4:{s:4:"file";s:36:"placeholder_1200X900-2-1024x1024.jpg";s:5:"width";i:1024;s:6:"height";i:1024;s:9:"mime-type";s:10:"image/jpeg";}s:21:"woocommerce_thumbnail";a:5:{s:4:"file";s:34:"placeholder_1200X900-2-300x300.jpg";s:5:"width";i:300;s:6:"height";i:300;s:9:"mime-type";s:10:"image/jpeg";s:9:"uncropped";b:0;}s:18:"woocommerce_single";a:4:{s:4:"file";s:34:"placeholder_1200X900-2-600x450.jpg";s:5:"width";i:600;s:6:"height";i:450;s:9:"mime-type";s:10:"image/jpeg";}s:29:"woocommerce_gallery_thumbnail";a:4:{s:4:"file";s:34:"placeholder_1200X900-2-100x100.jpg";s:5:"width";i:100;s:6:"height";i:100;s:9:"mime-type";s:10:"image/jpeg";}s:12:"shop_catalog";a:4:{s:4:"file";s:34:"placeholder_1200X900-2-300x300.jpg";s:5:"width";i:300;s:6:"height";i:300;s:9:"mime-type";s:10:"image/jpeg";}s:11:"shop_single";a:4:{s:4:"file";s:34:"placeholder_1200X900-2-600x450.jpg";s:5:"width";i:600;s:6:"height";i:450;s:9:"mime-type";s:10:"image/jpeg";}s:14:"shop_thumbnail";a:4:{s:4:"file";s:34:"placeholder_1200X900-2-100x100.jpg";s:5:"width";i:100;s:6:"height";i:100;s:9:"mime-type";s:10:"image/jpeg";}s:7:"900x450";a:4:{s:4:"file";s:34:"placeholder_1200X900-2-900x450.jpg";s:5:"width";i:900;s:6:"height";i:450;s:9:"mime-type";s:10:"image/jpeg";}}s:10:"image_meta";a:12:{s:8:"aperture";s:1:"0";s:6:"credit";s:0:"";s:6:"camera";s:0:"";s:7:"caption";s:0:"";s:17:"created_timestamp";s:1:"0";s:9:"copyright";s:0:"";s:12:"focal_length";s:1:"0";s:3:"iso";s:1:"0";s:13:"shutter_speed";s:1:"0";s:5:"title";s:0:"";s:11:"orientation";s:1:"0";s:8:"keywords";a:0:{}}}]]></wp:meta_value>
		</wp:postmeta>
							<wp:postmeta>
		<wp:meta_key><![CDATA[_wp_attached_file]]></wp:meta_key>
		<wp:meta_value><![CDATA[2019/03/placeholder_1200X900-2.jpg]]></wp:meta_value>
		</wp:postmeta>
							</item>
					<item>
		<title>
				placeholder_1200X900-2		</title>
		<link>https://shinetheme.com/travelerdata/singlehotel/gallery/placeholder_1200x900-2-3/</link>
		<pubDate>Thu, 21 Mar 2019 03:55:55 +0000</pubDate>
		<dc:creator><![CDATA[phpleaderpro]]></dc:creator>
		<guid isPermaLink="false">https://shinetheme.com/travelerdata/singlehotel/wp-content/uploads/2019/03/placeholder_1200X900-2-1.jpg</guid>
		<description></description>
		<content:encoded>
				<![CDATA[]]>		</content:encoded>
		<excerpt:encoded>
				<![CDATA[]]>		</excerpt:encoded>
		<wp:post_id>8917</wp:post_id>
		<wp:post_date><![CDATA[2019-03-21 03:55:55]]></wp:post_date>
		<wp:post_date_gmt><![CDATA[2019-03-21 03:55:55]]></wp:post_date_gmt>
		<wp:comment_status><![CDATA[open]]></wp:comment_status>
		<wp:ping_status><![CDATA[closed]]></wp:ping_status>
		<wp:post_name><![CDATA[placeholder_1200x900-2-3]]></wp:post_name>
		<wp:status><![CDATA[inherit]]></wp:status>
		<wp:post_parent>8489</wp:post_parent>
		<wp:menu_order>0</wp:menu_order>
		<wp:post_type><![CDATA[attachment]]></wp:post_type>
		<wp:post_password><![CDATA[]]></wp:post_password>
		<wp:is_sticky>0</wp:is_sticky>
						<wp:attachment_url><![CDATA[https://shinetheme.com/travelerdata/singlehotel/wp-content/uploads/2019/03/placeholder_1200X900-2-1.jpg]]></wp:attachment_url>
											<wp:postmeta>
		<wp:meta_key><![CDATA[_wp_attached_file]]></wp:meta_key>
		<wp:meta_value><![CDATA[2019/03/placeholder_1200X900-2-1.jpg]]></wp:meta_value>
		</wp:postmeta>
							<wp:postmeta>
		<wp:meta_key><![CDATA[_wp_attachment_metadata]]></wp:meta_key>
		<wp:meta_value><![CDATA[a:5:{s:5:"width";i:1200;s:6:"height";i:900;s:4:"file";s:36:"2019/03/placeholder_1200X900-2-1.jpg";s:5:"sizes";a:11:{s:9:"thumbnail";a:4:{s:4:"file";s:36:"placeholder_1200X900-2-1-150x150.jpg";s:5:"width";i:150;s:6:"height";i:150;s:9:"mime-type";s:10:"image/jpeg";}s:6:"medium";a:4:{s:4:"file";s:36:"placeholder_1200X900-2-1-300x300.jpg";s:5:"width";i:300;s:6:"height";i:300;s:9:"mime-type";s:10:"image/jpeg";}s:12:"medium_large";a:4:{s:4:"file";s:36:"placeholder_1200X900-2-1-768x576.jpg";s:5:"width";i:768;s:6:"height";i:576;s:9:"mime-type";s:10:"image/jpeg";}s:5:"large";a:4:{s:4:"file";s:38:"placeholder_1200X900-2-1-1024x1024.jpg";s:5:"width";i:1024;s:6:"height";i:1024;s:9:"mime-type";s:10:"image/jpeg";}s:21:"woocommerce_thumbnail";a:5:{s:4:"file";s:36:"placeholder_1200X900-2-1-300x300.jpg";s:5:"width";i:300;s:6:"height";i:300;s:9:"mime-type";s:10:"image/jpeg";s:9:"uncropped";b:0;}s:18:"woocommerce_single";a:4:{s:4:"file";s:36:"placeholder_1200X900-2-1-600x450.jpg";s:5:"width";i:600;s:6:"height";i:450;s:9:"mime-type";s:10:"image/jpeg";}s:29:"woocommerce_gallery_thumbnail";a:4:{s:4:"file";s:36:"placeholder_1200X900-2-1-100x100.jpg";s:5:"width";i:100;s:6:"height";i:100;s:9:"mime-type";s:10:"image/jpeg";}s:12:"shop_catalog";a:4:{s:4:"file";s:36:"placeholder_1200X900-2-1-300x300.jpg";s:5:"width";i:300;s:6:"height";i:300;s:9:"mime-type";s:10:"image/jpeg";}s:11:"shop_single";a:4:{s:4:"file";s:36:"placeholder_1200X900-2-1-600x450.jpg";s:5:"width";i:600;s:6:"height";i:450;s:9:"mime-type";s:10:"image/jpeg";}s:14:"shop_thumbnail";a:4:{s:4:"file";s:36:"placeholder_1200X900-2-1-100x100.jpg";s:5:"width";i:100;s:6:"height";i:100;s:9:"mime-type";s:10:"image/jpeg";}s:7:"900x450";a:4:{s:4:"file";s:36:"placeholder_1200X900-2-1-900x450.jpg";s:5:"width";i:900;s:6:"height";i:450;s:9:"mime-type";s:10:"image/jpeg";}}s:10:"image_meta";a:12:{s:8:"aperture";s:1:"0";s:6:"credit";s:0:"";s:6:"camera";s:0:"";s:7:"caption";s:0:"";s:17:"created_timestamp";s:1:"0";s:9:"copyright";s:0:"";s:12:"focal_length";s:1:"0";s:3:"iso";s:1:"0";s:13:"shutter_speed";s:1:"0";s:5:"title";s:0:"";s:11:"orientation";s:1:"0";s:8:"keywords";a:0:{}}}]]></wp:meta_value>
		</wp:postmeta>
							<wp:postmeta>
		<wp:meta_key><![CDATA[_edit_last]]></wp:meta_key>
		<wp:meta_value><![CDATA[1]]></wp:meta_value>
		</wp:postmeta>
							</item>
					<item>
		<title>
				placeholder_1200X900-2		</title>
		<link>https://shinetheme.com/travelerdata/singlehotel/gallery/placeholder_1200x900-2-4/</link>
		<pubDate>Thu, 21 Mar 2019 03:55:47 +0000</pubDate>
		<dc:creator><![CDATA[phpleaderpro]]></dc:creator>
		<guid isPermaLink="false">https://shinetheme.com/travelerdata/singlehotel/wp-content/uploads/2019/03/placeholder_1200X900-2-2.jpg</guid>
		<description></description>
		<content:encoded>
				<![CDATA[]]>		</content:encoded>
		<excerpt:encoded>
				<![CDATA[]]>		</excerpt:encoded>
		<wp:post_id>8918</wp:post_id>
		<wp:post_date><![CDATA[2019-03-21 03:55:47]]></wp:post_date>
		<wp:post_date_gmt><![CDATA[2019-03-21 03:55:47]]></wp:post_date_gmt>
		<wp:comment_status><![CDATA[open]]></wp:comment_status>
		<wp:ping_status><![CDATA[closed]]></wp:ping_status>
		<wp:post_name><![CDATA[placeholder_1200x900-2-4]]></wp:post_name>
		<wp:status><![CDATA[inherit]]></wp:status>
		<wp:post_parent>8489</wp:post_parent>
		<wp:menu_order>0</wp:menu_order>
		<wp:post_type><![CDATA[attachment]]></wp:post_type>
		<wp:post_password><![CDATA[]]></wp:post_password>
		<wp:is_sticky>0</wp:is_sticky>
						<wp:attachment_url><![CDATA[https://shinetheme.com/travelerdata/singlehotel/wp-content/uploads/2019/03/placeholder_1200X900-2-2.jpg]]></wp:attachment_url>
											<wp:postmeta>
		<wp:meta_key><![CDATA[_wp_attached_file]]></wp:meta_key>
		<wp:meta_value><![CDATA[2019/03/placeholder_1200X900-2-2.jpg]]></wp:meta_value>
		</wp:postmeta>
							<wp:postmeta>
		<wp:meta_key><![CDATA[_wp_attachment_metadata]]></wp:meta_key>
		<wp:meta_value><![CDATA[a:5:{s:5:"width";i:1200;s:6:"height";i:900;s:4:"file";s:36:"2019/03/placeholder_1200X900-2-2.jpg";s:5:"sizes";a:11:{s:9:"thumbnail";a:4:{s:4:"file";s:36:"placeholder_1200X900-2-2-150x150.jpg";s:5:"width";i:150;s:6:"height";i:150;s:9:"mime-type";s:10:"image/jpeg";}s:6:"medium";a:4:{s:4:"file";s:36:"placeholder_1200X900-2-2-300x300.jpg";s:5:"width";i:300;s:6:"height";i:300;s:9:"mime-type";s:10:"image/jpeg";}s:12:"medium_large";a:4:{s:4:"file";s:36:"placeholder_1200X900-2-2-768x576.jpg";s:5:"width";i:768;s:6:"height";i:576;s:9:"mime-type";s:10:"image/jpeg";}s:5:"large";a:4:{s:4:"file";s:38:"placeholder_1200X900-2-2-1024x1024.jpg";s:5:"width";i:1024;s:6:"height";i:1024;s:9:"mime-type";s:10:"image/jpeg";}s:21:"woocommerce_thumbnail";a:5:{s:4:"file";s:36:"placeholder_1200X900-2-2-300x300.jpg";s:5:"width";i:300;s:6:"height";i:300;s:9:"mime-type";s:10:"image/jpeg";s:9:"uncropped";b:0;}s:18:"woocommerce_single";a:4:{s:4:"file";s:36:"placeholder_1200X900-2-2-600x450.jpg";s:5:"width";i:600;s:6:"height";i:450;s:9:"mime-type";s:10:"image/jpeg";}s:29:"woocommerce_gallery_thumbnail";a:4:{s:4:"file";s:36:"placeholder_1200X900-2-2-100x100.jpg";s:5:"width";i:100;s:6:"height";i:100;s:9:"mime-type";s:10:"image/jpeg";}s:12:"shop_catalog";a:4:{s:4:"file";s:36:"placeholder_1200X900-2-2-300x300.jpg";s:5:"width";i:300;s:6:"height";i:300;s:9:"mime-type";s:10:"image/jpeg";}s:11:"shop_single";a:4:{s:4:"file";s:36:"placeholder_1200X900-2-2-600x450.jpg";s:5:"width";i:600;s:6:"height";i:450;s:9:"mime-type";s:10:"image/jpeg";}s:14:"shop_thumbnail";a:4:{s:4:"file";s:36:"placeholder_1200X900-2-2-100x100.jpg";s:5:"width";i:100;s:6:"height";i:100;s:9:"mime-type";s:10:"image/jpeg";}s:7:"900x450";a:4:{s:4:"file";s:36:"placeholder_1200X900-2-2-900x450.jpg";s:5:"width";i:900;s:6:"height";i:450;s:9:"mime-type";s:10:"image/jpeg";}}s:10:"image_meta";a:12:{s:8:"aperture";s:1:"0";s:6:"credit";s:0:"";s:6:"camera";s:0:"";s:7:"caption";s:0:"";s:17:"created_timestamp";s:1:"0";s:9:"copyright";s:0:"";s:12:"focal_length";s:1:"0";s:3:"iso";s:1:"0";s:13:"shutter_speed";s:1:"0";s:5:"title";s:0:"";s:11:"orientation";s:1:"0";s:8:"keywords";a:0:{}}}]]></wp:meta_value>
		</wp:postmeta>
							<wp:postmeta>
		<wp:meta_key><![CDATA[_edit_last]]></wp:meta_key>
		<wp:meta_value><![CDATA[1]]></wp:meta_value>
		</wp:postmeta>
							</item>
					<item>
		<title>
				placeholder_1200X900-2		</title>
		<link>https://shinetheme.com/travelerdata/singlehotel/gallery/placeholder_1200x900-2-5/</link>
		<pubDate>Thu, 21 Mar 2019 03:55:44 +0000</pubDate>
		<dc:creator><![CDATA[phpleaderpro]]></dc:creator>
		<guid isPermaLink="false">https://shinetheme.com/travelerdata/singlehotel/wp-content/uploads/2019/03/placeholder_1200X900-2-3.jpg</guid>
		<description></description>
		<content:encoded>
				<![CDATA[]]>		</content:encoded>
		<excerpt:encoded>
				<![CDATA[]]>		</excerpt:encoded>
		<wp:post_id>8919</wp:post_id>
		<wp:post_date><![CDATA[2019-03-21 03:55:44]]></wp:post_date>
		<wp:post_date_gmt><![CDATA[2019-03-21 03:55:44]]></wp:post_date_gmt>
		<wp:comment_status><![CDATA[open]]></wp:comment_status>
		<wp:ping_status><![CDATA[closed]]></wp:ping_status>
		<wp:post_name><![CDATA[placeholder_1200x900-2-5]]></wp:post_name>
		<wp:status><![CDATA[inherit]]></wp:status>
		<wp:post_parent>8489</wp:post_parent>
		<wp:menu_order>0</wp:menu_order>
		<wp:post_type><![CDATA[attachment]]></wp:post_type>
		<wp:post_password><![CDATA[]]></wp:post_password>
		<wp:is_sticky>0</wp:is_sticky>
						<wp:attachment_url><![CDATA[https://shinetheme.com/travelerdata/singlehotel/wp-content/uploads/2019/03/placeholder_1200X900-2-3.jpg]]></wp:attachment_url>
											<wp:postmeta>
		<wp:meta_key><![CDATA[_edit_last]]></wp:meta_key>
		<wp:meta_value><![CDATA[1]]></wp:meta_value>
		</wp:postmeta>
							<wp:postmeta>
		<wp:meta_key><![CDATA[_wp_attachment_metadata]]></wp:meta_key>
		<wp:meta_value><![CDATA[a:5:{s:5:"width";i:1200;s:6:"height";i:900;s:4:"file";s:36:"2019/03/placeholder_1200X900-2-3.jpg";s:5:"sizes";a:11:{s:9:"thumbnail";a:4:{s:4:"file";s:36:"placeholder_1200X900-2-3-150x150.jpg";s:5:"width";i:150;s:6:"height";i:150;s:9:"mime-type";s:10:"image/jpeg";}s:6:"medium";a:4:{s:4:"file";s:36:"placeholder_1200X900-2-3-300x300.jpg";s:5:"width";i:300;s:6:"height";i:300;s:9:"mime-type";s:10:"image/jpeg";}s:12:"medium_large";a:4:{s:4:"file";s:36:"placeholder_1200X900-2-3-768x576.jpg";s:5:"width";i:768;s:6:"height";i:576;s:9:"mime-type";s:10:"image/jpeg";}s:5:"large";a:4:{s:4:"file";s:38:"placeholder_1200X900-2-3-1024x1024.jpg";s:5:"width";i:1024;s:6:"height";i:1024;s:9:"mime-type";s:10:"image/jpeg";}s:21:"woocommerce_thumbnail";a:5:{s:4:"file";s:36:"placeholder_1200X900-2-3-300x300.jpg";s:5:"width";i:300;s:6:"height";i:300;s:9:"mime-type";s:10:"image/jpeg";s:9:"uncropped";b:0;}s:18:"woocommerce_single";a:4:{s:4:"file";s:36:"placeholder_1200X900-2-3-600x450.jpg";s:5:"width";i:600;s:6:"height";i:450;s:9:"mime-type";s:10:"image/jpeg";}s:29:"woocommerce_gallery_thumbnail";a:4:{s:4:"file";s:36:"placeholder_1200X900-2-3-100x100.jpg";s:5:"width";i:100;s:6:"height";i:100;s:9:"mime-type";s:10:"image/jpeg";}s:12:"shop_catalog";a:4:{s:4:"file";s:36:"placeholder_1200X900-2-3-300x300.jpg";s:5:"width";i:300;s:6:"height";i:300;s:9:"mime-type";s:10:"image/jpeg";}s:11:"shop_single";a:4:{s:4:"file";s:36:"placeholder_1200X900-2-3-600x450.jpg";s:5:"width";i:600;s:6:"height";i:450;s:9:"mime-type";s:10:"image/jpeg";}s:14:"shop_thumbnail";a:4:{s:4:"file";s:36:"placeholder_1200X900-2-3-100x100.jpg";s:5:"width";i:100;s:6:"height";i:100;s:9:"mime-type";s:10:"image/jpeg";}s:7:"900x450";a:4:{s:4:"file";s:36:"placeholder_1200X900-2-3-900x450.jpg";s:5:"width";i:900;s:6:"height";i:450;s:9:"mime-type";s:10:"image/jpeg";}}s:10:"image_meta";a:12:{s:8:"aperture";s:1:"0";s:6:"credit";s:0:"";s:6:"camera";s:0:"";s:7:"caption";s:0:"";s:17:"created_timestamp";s:1:"0";s:9:"copyright";s:0:"";s:12:"focal_length";s:1:"0";s:3:"iso";s:1:"0";s:13:"shutter_speed";s:1:"0";s:5:"title";s:0:"";s:11:"orientation";s:1:"0";s:8:"keywords";a:0:{}}}]]></wp:meta_value>
		</wp:postmeta>
							<wp:postmeta>
		<wp:meta_key><![CDATA[_wp_attached_file]]></wp:meta_key>
		<wp:meta_value><![CDATA[2019/03/placeholder_1200X900-2-3.jpg]]></wp:meta_value>
		</wp:postmeta>
							</item>
					<item>
		<title>
				placeholder_1200X900-2		</title>
		<link>https://shinetheme.com/travelerdata/singlehotel/gallery/placeholder_1200x900-2-6/</link>
		<pubDate>Thu, 21 Mar 2019 03:55:40 +0000</pubDate>
		<dc:creator><![CDATA[phpleaderpro]]></dc:creator>
		<guid isPermaLink="false">https://shinetheme.com/travelerdata/singlehotel/wp-content/uploads/2019/03/placeholder_1200X900-2-4.jpg</guid>
		<description></description>
		<content:encoded>
				<![CDATA[]]>		</content:encoded>
		<excerpt:encoded>
				<![CDATA[]]>		</excerpt:encoded>
		<wp:post_id>8920</wp:post_id>
		<wp:post_date><![CDATA[2019-03-21 03:55:40]]></wp:post_date>
		<wp:post_date_gmt><![CDATA[2019-03-21 03:55:40]]></wp:post_date_gmt>
		<wp:comment_status><![CDATA[open]]></wp:comment_status>
		<wp:ping_status><![CDATA[closed]]></wp:ping_status>
		<wp:post_name><![CDATA[placeholder_1200x900-2-6]]></wp:post_name>
		<wp:status><![CDATA[inherit]]></wp:status>
		<wp:post_parent>8489</wp:post_parent>
		<wp:menu_order>0</wp:menu_order>
		<wp:post_type><![CDATA[attachment]]></wp:post_type>
		<wp:post_password><![CDATA[]]></wp:post_password>
		<wp:is_sticky>0</wp:is_sticky>
						<wp:attachment_url><![CDATA[https://shinetheme.com/travelerdata/singlehotel/wp-content/uploads/2019/03/placeholder_1200X900-2-4.jpg]]></wp:attachment_url>
											<wp:postmeta>
		<wp:meta_key><![CDATA[_edit_last]]></wp:meta_key>
		<wp:meta_value><![CDATA[1]]></wp:meta_value>
		</wp:postmeta>
							<wp:postmeta>
		<wp:meta_key><![CDATA[_wp_attached_file]]></wp:meta_key>
		<wp:meta_value><![CDATA[2019/03/placeholder_1200X900-2-4.jpg]]></wp:meta_value>
		</wp:postmeta>
							<wp:postmeta>
		<wp:meta_key><![CDATA[_wp_attachment_metadata]]></wp:meta_key>
		<wp:meta_value><![CDATA[a:5:{s:5:"width";i:1200;s:6:"height";i:900;s:4:"file";s:36:"2019/03/placeholder_1200X900-2-4.jpg";s:5:"sizes";a:11:{s:9:"thumbnail";a:4:{s:4:"file";s:36:"placeholder_1200X900-2-4-150x150.jpg";s:5:"width";i:150;s:6:"height";i:150;s:9:"mime-type";s:10:"image/jpeg";}s:6:"medium";a:4:{s:4:"file";s:36:"placeholder_1200X900-2-4-300x300.jpg";s:5:"width";i:300;s:6:"height";i:300;s:9:"mime-type";s:10:"image/jpeg";}s:12:"medium_large";a:4:{s:4:"file";s:36:"placeholder_1200X900-2-4-768x576.jpg";s:5:"width";i:768;s:6:"height";i:576;s:9:"mime-type";s:10:"image/jpeg";}s:5:"large";a:4:{s:4:"file";s:38:"placeholder_1200X900-2-4-1024x1024.jpg";s:5:"width";i:1024;s:6:"height";i:1024;s:9:"mime-type";s:10:"image/jpeg";}s:21:"woocommerce_thumbnail";a:5:{s:4:"file";s:36:"placeholder_1200X900-2-4-300x300.jpg";s:5:"width";i:300;s:6:"height";i:300;s:9:"mime-type";s:10:"image/jpeg";s:9:"uncropped";b:0;}s:18:"woocommerce_single";a:4:{s:4:"file";s:36:"placeholder_1200X900-2-4-600x450.jpg";s:5:"width";i:600;s:6:"height";i:450;s:9:"mime-type";s:10:"image/jpeg";}s:29:"woocommerce_gallery_thumbnail";a:4:{s:4:"file";s:36:"placeholder_1200X900-2-4-100x100.jpg";s:5:"width";i:100;s:6:"height";i:100;s:9:"mime-type";s:10:"image/jpeg";}s:12:"shop_catalog";a:4:{s:4:"file";s:36:"placeholder_1200X900-2-4-300x300.jpg";s:5:"width";i:300;s:6:"height";i:300;s:9:"mime-type";s:10:"image/jpeg";}s:11:"shop_single";a:4:{s:4:"file";s:36:"placeholder_1200X900-2-4-600x450.jpg";s:5:"width";i:600;s:6:"height";i:450;s:9:"mime-type";s:10:"image/jpeg";}s:14:"shop_thumbnail";a:4:{s:4:"file";s:36:"placeholder_1200X900-2-4-100x100.jpg";s:5:"width";i:100;s:6:"height";i:100;s:9:"mime-type";s:10:"image/jpeg";}s:7:"900x450";a:4:{s:4:"file";s:36:"placeholder_1200X900-2-4-900x450.jpg";s:5:"width";i:900;s:6:"height";i:450;s:9:"mime-type";s:10:"image/jpeg";}}s:10:"image_meta";a:12:{s:8:"aperture";s:1:"0";s:6:"credit";s:0:"";s:6:"camera";s:0:"";s:7:"caption";s:0:"";s:17:"created_timestamp";s:1:"0";s:9:"copyright";s:0:"";s:12:"focal_length";s:1:"0";s:3:"iso";s:1:"0";s:13:"shutter_speed";s:1:"0";s:5:"title";s:0:"";s:11:"orientation";s:1:"0";s:8:"keywords";a:0:{}}}]]></wp:meta_value>
		</wp:postmeta>
							</item>
					<item>
		<title>
				placeholder_1200X900-2		</title>
		<link>https://shinetheme.com/travelerdata/singlehotel/gallery/placeholder_1200x900-2-7/</link>
		<pubDate>Thu, 21 Mar 2019 03:55:35 +0000</pubDate>
		<dc:creator><![CDATA[phpleaderpro]]></dc:creator>
		<guid isPermaLink="false">https://shinetheme.com/travelerdata/singlehotel/wp-content/uploads/2019/03/placeholder_1200X900-2-5.jpg</guid>
		<description></description>
		<content:encoded>
				<![CDATA[]]>		</content:encoded>
		<excerpt:encoded>
				<![CDATA[]]>		</excerpt:encoded>
		<wp:post_id>8921</wp:post_id>
		<wp:post_date><![CDATA[2019-03-21 03:55:35]]></wp:post_date>
		<wp:post_date_gmt><![CDATA[2019-03-21 03:55:35]]></wp:post_date_gmt>
		<wp:comment_status><![CDATA[open]]></wp:comment_status>
		<wp:ping_status><![CDATA[closed]]></wp:ping_status>
		<wp:post_name><![CDATA[placeholder_1200x900-2-7]]></wp:post_name>
		<wp:status><![CDATA[inherit]]></wp:status>
		<wp:post_parent>8489</wp:post_parent>
		<wp:menu_order>0</wp:menu_order>
		<wp:post_type><![CDATA[attachment]]></wp:post_type>
		<wp:post_password><![CDATA[]]></wp:post_password>
		<wp:is_sticky>0</wp:is_sticky>
						<wp:attachment_url><![CDATA[https://shinetheme.com/travelerdata/singlehotel/wp-content/uploads/2019/03/placeholder_1200X900-2-5.jpg]]></wp:attachment_url>
											<wp:postmeta>
		<wp:meta_key><![CDATA[_wp_attached_file]]></wp:meta_key>
		<wp:meta_value><![CDATA[2019/03/placeholder_1200X900-2-5.jpg]]></wp:meta_value>
		</wp:postmeta>
							<wp:postmeta>
		<wp:meta_key><![CDATA[_wp_attachment_metadata]]></wp:meta_key>
		<wp:meta_value><![CDATA[a:5:{s:5:"width";i:1200;s:6:"height";i:900;s:4:"file";s:36:"2019/03/placeholder_1200X900-2-5.jpg";s:5:"sizes";a:11:{s:9:"thumbnail";a:4:{s:4:"file";s:36:"placeholder_1200X900-2-5-150x150.jpg";s:5:"width";i:150;s:6:"height";i:150;s:9:"mime-type";s:10:"image/jpeg";}s:6:"medium";a:4:{s:4:"file";s:36:"placeholder_1200X900-2-5-300x300.jpg";s:5:"width";i:300;s:6:"height";i:300;s:9:"mime-type";s:10:"image/jpeg";}s:12:"medium_large";a:4:{s:4:"file";s:36:"placeholder_1200X900-2-5-768x576.jpg";s:5:"width";i:768;s:6:"height";i:576;s:9:"mime-type";s:10:"image/jpeg";}s:5:"large";a:4:{s:4:"file";s:38:"placeholder_1200X900-2-5-1024x1024.jpg";s:5:"width";i:1024;s:6:"height";i:1024;s:9:"mime-type";s:10:"image/jpeg";}s:21:"woocommerce_thumbnail";a:5:{s:4:"file";s:36:"placeholder_1200X900-2-5-300x300.jpg";s:5:"width";i:300;s:6:"height";i:300;s:9:"mime-type";s:10:"image/jpeg";s:9:"uncropped";b:0;}s:18:"woocommerce_single";a:4:{s:4:"file";s:36:"placeholder_1200X900-2-5-600x450.jpg";s:5:"width";i:600;s:6:"height";i:450;s:9:"mime-type";s:10:"image/jpeg";}s:29:"woocommerce_gallery_thumbnail";a:4:{s:4:"file";s:36:"placeholder_1200X900-2-5-100x100.jpg";s:5:"width";i:100;s:6:"height";i:100;s:9:"mime-type";s:10:"image/jpeg";}s:12:"shop_catalog";a:4:{s:4:"file";s:36:"placeholder_1200X900-2-5-300x300.jpg";s:5:"width";i:300;s:6:"height";i:300;s:9:"mime-type";s:10:"image/jpeg";}s:11:"shop_single";a:4:{s:4:"file";s:36:"placeholder_1200X900-2-5-600x450.jpg";s:5:"width";i:600;s:6:"height";i:450;s:9:"mime-type";s:10:"image/jpeg";}s:14:"shop_thumbnail";a:4:{s:4:"file";s:36:"placeholder_1200X900-2-5-100x100.jpg";s:5:"width";i:100;s:6:"height";i:100;s:9:"mime-type";s:10:"image/jpeg";}s:7:"900x450";a:4:{s:4:"file";s:36:"placeholder_1200X900-2-5-900x450.jpg";s:5:"width";i:900;s:6:"height";i:450;s:9:"mime-type";s:10:"image/jpeg";}}s:10:"image_meta";a:12:{s:8:"aperture";s:1:"0";s:6:"credit";s:0:"";s:6:"camera";s:0:"";s:7:"caption";s:0:"";s:17:"created_timestamp";s:1:"0";s:9:"copyright";s:0:"";s:12:"focal_length";s:1:"0";s:3:"iso";s:1:"0";s:13:"shutter_speed";s:1:"0";s:5:"title";s:0:"";s:11:"orientation";s:1:"0";s:8:"keywords";a:0:{}}}]]></wp:meta_value>
		</wp:postmeta>
							<wp:postmeta>
		<wp:meta_key><![CDATA[_edit_last]]></wp:meta_key>
		<wp:meta_value><![CDATA[1]]></wp:meta_value>
		</wp:postmeta>
							</item>
				</channel>
</rss>
	