<?xml version="1.0" encoding="UTF-8" ?>
<!-- This is a WordPress eXtended RSS file generated by WordPress as an export of your site. -->
<!-- It contains information about your site's posts, pages, comments, categories, and other content. -->
<!-- You may use this file to transfer that content from one site to another. -->
<!-- This file is not intended to serve as a complete backup of your site. -->

<!-- To import this information into a WordPress site follow these steps: -->
<!-- 1. Log in to that site as an administrator. -->
<!-- 2. Go to Tools: Import in the WordPress admin panel. -->
<!-- 3. Install the "WordPress" importer from the list. -->
<!-- 4. Activate & Run Importer. -->
<!-- 5. Upload this file using the form provided on that page. -->
<!-- 6. You will first be asked to map the authors in this export file to users -->
<!--    on the site. For each author, you may choose to map to an -->
<!--    existing user on the site or to create a new user. -->
<!-- 7. WordPress will then import each of the posts, pages, comments, categories, etc. -->
<!--    contained in this file into your site. -->

	<!-- generator="WordPress/5.2" created="2019-05-16 10:04" -->
<rss version="2.0"
	xmlns:excerpt="http://wordpress.org/export/1.2/excerpt/"
	xmlns:content="http://purl.org/rss/1.0/modules/content/"
	xmlns:wfw="http://wellformedweb.org/CommentAPI/"
	xmlns:dc="http://purl.org/dc/elements/1.1/"
	xmlns:wp="http://wordpress.org/export/1.2/"
>

<channel>
	<title>Traveler</title>
	<link>http://shinetheme.com/travelerdata/mixmap</link>
	<description>WordPress Booking Theme</description>
	<pubDate>Thu, 16 May 2019 10:04:32 +0000</pubDate>
	<language>en-US</language>
	<wp:wxr_version>1.2</wp:wxr_version>
	<wp:base_site_url>http://shinetheme.com/travelerdata/mixmap</wp:base_site_url>
	<wp:base_blog_url>http://shinetheme.com/travelerdata/mixmap</wp:base_blog_url>

		<wp:author><wp:author_id>2</wp:author_id><wp:author_login><![CDATA[travelhotel]]></wp:author_login><wp:author_email><![CDATA[phpleaderpro@gmail.com]]></wp:author_email><wp:author_display_name><![CDATA[Travis Tan]]></wp:author_display_name><wp:author_first_name><![CDATA[Travis]]></wp:author_first_name><wp:author_last_name><![CDATA[Tan]]></wp:author_last_name></wp:author>

				
	<generator>https://wordpress.org/?v=5.2</generator>

		<item>
		<title></title>
		<link>http://shinetheme.com/travelerdata/mixmap/mc4wp-form/5763/</link>
		<pubDate>Thu, 17 Dec 2015 10:48:29 +0000</pubDate>
		<dc:creator><![CDATA[travelhotel]]></dc:creator>
		<guid isPermaLink="false">http://shinetheme.com/demosd/traveler/hotel/mc4wp-form/5763/</guid>
		<description></description>
		<content:encoded><![CDATA[                        <h4>Newsletter</h4>
                    
                            <label>Enter your E-mail Address</label>
                            <input type="email" name="EMAIL" class="form-control">
                            <p class="mt5"><small>*We Never Send Spam</small>
                            </p>
                            <input type="submit" value="Subscribe" class="btn btn-primary">
                     
      ]]></content:encoded>
		<excerpt:encoded><![CDATA[]]></excerpt:encoded>
		<wp:post_id>5763</wp:post_id>
		<wp:post_date><![CDATA[2015-12-17 10:48:29]]></wp:post_date>
		<wp:post_date_gmt><![CDATA[2015-12-17 10:48:29]]></wp:post_date_gmt>
		<wp:comment_status><![CDATA[closed]]></wp:comment_status>
		<wp:ping_status><![CDATA[closed]]></wp:ping_status>
		<wp:post_name><![CDATA[5763]]></wp:post_name>
		<wp:status><![CDATA[publish]]></wp:status>
		<wp:post_parent>0</wp:post_parent>
		<wp:menu_order>0</wp:menu_order>
		<wp:post_type><![CDATA[mc4wp-form]]></wp:post_type>
		<wp:post_password><![CDATA[]]></wp:post_password>
		<wp:is_sticky>0</wp:is_sticky>
														<wp:postmeta>
		<wp:meta_key><![CDATA[rate_review]]></wp:meta_key>
		<wp:meta_value><![CDATA[0]]></wp:meta_value>
		</wp:postmeta>
							<wp:postmeta>
		<wp:meta_key><![CDATA[rate_review]]></wp:meta_key>
		<wp:meta_value><![CDATA[0]]></wp:meta_value>
		</wp:postmeta>
							<wp:postmeta>
		<wp:meta_key><![CDATA[_mc4wp_settings]]></wp:meta_key>
		<wp:meta_value><![CDATA[]]></wp:meta_value>
		</wp:postmeta>
							<wp:postmeta>
		<wp:meta_key><![CDATA[_vc_post_settings]]></wp:meta_key>
		<wp:meta_value><![CDATA[a:1:{s:10:"vc_grid_id";a:0:{}}]]></wp:meta_value>
		</wp:postmeta>
							<wp:postmeta>
		<wp:meta_key><![CDATA[text_subscribed]]></wp:meta_key>
		<wp:meta_value><![CDATA[Thank you, your sign-up request was successful! Please check your email inbox to confirm.]]></wp:meta_value>
		</wp:postmeta>
							<wp:postmeta>
		<wp:meta_key><![CDATA[text_invalid_email]]></wp:meta_key>
		<wp:meta_value><![CDATA[Please provide a valid email address.]]></wp:meta_value>
		</wp:postmeta>
							<wp:postmeta>
		<wp:meta_key><![CDATA[text_required_field_missing]]></wp:meta_key>
		<wp:meta_value><![CDATA[Please fill in the required fields.]]></wp:meta_value>
		</wp:postmeta>
							<wp:postmeta>
		<wp:meta_key><![CDATA[text_already_subscribed]]></wp:meta_key>
		<wp:meta_value><![CDATA[Given email address is already subscribed, thank you!]]></wp:meta_value>
		</wp:postmeta>
							<wp:postmeta>
		<wp:meta_key><![CDATA[text_error]]></wp:meta_key>
		<wp:meta_value><![CDATA[Oops. Something went wrong. Please try again later.]]></wp:meta_value>
		</wp:postmeta>
							<wp:postmeta>
		<wp:meta_key><![CDATA[text_unsubscribed]]></wp:meta_key>
		<wp:meta_value><![CDATA[You were successfully unsubscribed.]]></wp:meta_value>
		</wp:postmeta>
							<wp:postmeta>
		<wp:meta_key><![CDATA[text_not_subscribed]]></wp:meta_key>
		<wp:meta_value><![CDATA[Given email address is not subscribed.]]></wp:meta_value>
		</wp:postmeta>
							</item>
				</channel>
</rss>
	