<?xml version="1.0" encoding="UTF-8" ?>
<!-- This is a WordPress eXtended RSS file generated by WordPress as an export of your site. -->
<!-- It contains information about your site's posts, pages, comments, categories, and other content. -->
<!-- You may use this file to transfer that content from one site to another. -->
<!-- This file is not intended to serve as a complete backup of your site. -->

<!-- To import this information into a WordPress site follow these steps: -->
<!-- 1. Log in to that site as an administrator. -->
<!-- 2. Go to Tools: Import in the WordPress admin panel. -->
<!-- 3. Install the "WordPress" importer from the list. -->
<!-- 4. Activate & Run Importer. -->
<!-- 5. Upload this file using the form provided on that page. -->
<!-- 6. You will first be asked to map the authors in this export file to users -->
<!--    on the site. For each author, you may choose to map to an -->
<!--    existing user on the site or to create a new user. -->
<!-- 7. WordPress will then import each of the posts, pages, comments, categories, etc. -->
<!--    contained in this file into your site. -->

	<!-- generator="WordPress/5.2" created="2019-05-16 12:49" -->
<rss version="2.0"
	xmlns:excerpt="http://wordpress.org/export/1.2/excerpt/"
	xmlns:content="http://purl.org/rss/1.0/modules/content/"
	xmlns:wfw="http://wellformedweb.org/CommentAPI/"
	xmlns:dc="http://purl.org/dc/elements/1.1/"
	xmlns:wp="http://wordpress.org/export/1.2/"
>

<channel>
	<title>Traveler</title>
	<link>http://shinetheme.com/travelerdata/mixmap</link>
	<description>Just another WordPress site</description>
	<pubDate>Thu, 16 May 2019 12:49:26 +0000</pubDate>
	<language>en-US</language>
	<wp:wxr_version>1.2</wp:wxr_version>
	<wp:base_site_url>http://shinetheme.com/travelerdata/mixmap</wp:base_site_url>
	<wp:base_blog_url>http://shinetheme.com/travelerdata/mixmap</wp:base_blog_url>

		<wp:author><wp:author_id>1</wp:author_id><wp:author_login><![CDATA[travelhotel]]></wp:author_login><wp:author_email><![CDATA[phpleaderpro@gmail.com]]></wp:author_email><wp:author_display_name><![CDATA[travelhotel]]></wp:author_display_name><wp:author_first_name><![CDATA[]]></wp:author_first_name><wp:author_last_name><![CDATA[]]></wp:author_last_name></wp:author>

				
	<generator>https://wordpress.org/?v=5.2</generator>

		<item>
		<title>Mega Menu Listing</title>
		<link>http://shinetheme.com/travelerdata/mixmap/?post_type=st_mega_menu&#038;p=9117</link>
		<pubDate>Tue, 19 Feb 2019 02:00:21 +0000</pubDate>
		<dc:creator><![CDATA[travelhotel]]></dc:creator>
		<guid isPermaLink="false">https://mixmap.wpengine.com/?post_type=st_mega_menu&#038;p=9117</guid>
		<description></description>
		<content:encoded><![CDATA[[vc_row][vc_column width="2/3" el_class="st-mega"][vc_row_inner][vc_column_inner width="1/4"][vc_column_text css=".vc_custom_1550627610394{border-left-width: 2px !important;padding-left: 10px !important;border-left-color: #5191fa !important;border-left-style: solid !important;}"]<strong>Listing</strong>[/vc_column_text][st_custom_menu menu="mega-listing-hotel"][/vc_column_inner][vc_column_inner width="1/4"][vc_column_text css=".vc_custom_1550627664152{border-left-width: 2px !important;padding-left: 10px !important;border-left-color: #5191fa !important;border-left-style: solid !important;}"]<strong>Single Detail
</strong>[/vc_column_text][st_custom_menu menu="mega-single-hotel"][/vc_column_inner][vc_column_inner width="1/4"][vc_column_text css=".vc_custom_1550627670555{border-left-width: 2px !important;padding-left: 10px !important;border-left-color: #5191fa !important;border-left-style: solid !important;}"]<strong>House</strong>[/vc_column_text][st_custom_menu menu="mega-single-house"][/vc_column_inner][vc_column_inner width="1/4"][vc_empty_space height="10px"][vc_single_image image="9094" img_size="165x256" alignment="center"][/vc_column_inner][/vc_row_inner][/vc_column][vc_column width="1/3"][/vc_column][/vc_row]]]></content:encoded>
		<excerpt:encoded><![CDATA[]]></excerpt:encoded>
		<wp:post_id>9117</wp:post_id>
		<wp:post_date><![CDATA[2019-02-19 02:00:21]]></wp:post_date>
		<wp:post_date_gmt><![CDATA[2019-02-19 02:00:21]]></wp:post_date_gmt>
		<wp:comment_status><![CDATA[closed]]></wp:comment_status>
		<wp:ping_status><![CDATA[closed]]></wp:ping_status>
		<wp:post_name><![CDATA[mega-menu-listing]]></wp:post_name>
		<wp:status><![CDATA[publish]]></wp:status>
		<wp:post_parent>0</wp:post_parent>
		<wp:menu_order>0</wp:menu_order>
		<wp:post_type><![CDATA[st_mega_menu]]></wp:post_type>
		<wp:post_password><![CDATA[]]></wp:post_password>
		<wp:is_sticky>0</wp:is_sticky>
														<wp:postmeta>
		<wp:meta_key><![CDATA[min_price]]></wp:meta_key>
		<wp:meta_value><![CDATA[]]></wp:meta_value>
		</wp:postmeta>
							<wp:postmeta>
		<wp:meta_key><![CDATA[rate_review]]></wp:meta_key>
		<wp:meta_value><![CDATA[0]]></wp:meta_value>
		</wp:postmeta>
							<wp:postmeta>
		<wp:meta_key><![CDATA[_wpb_shortcodes_custom_css]]></wp:meta_key>
		<wp:meta_value><![CDATA[.vc_custom_1550627610394{border-left-width: 2px !important;padding-left: 10px !important;border-left-color: #5191fa !important;border-left-style: solid !important;}.vc_custom_1550627664152{border-left-width: 2px !important;padding-left: 10px !important;border-left-color: #5191fa !important;border-left-style: solid !important;}.vc_custom_1550627670555{border-left-width: 2px !important;padding-left: 10px !important;border-left-color: #5191fa !important;border-left-style: solid !important;}]]></wp:meta_value>
		</wp:postmeta>
							<wp:postmeta>
		<wp:meta_key><![CDATA[min_price]]></wp:meta_key>
		<wp:meta_value><![CDATA[]]></wp:meta_value>
		</wp:postmeta>
							<wp:postmeta>
		<wp:meta_key><![CDATA[rate_review]]></wp:meta_key>
		<wp:meta_value><![CDATA[0]]></wp:meta_value>
		</wp:postmeta>
							<wp:postmeta>
		<wp:meta_key><![CDATA[_wpb_vc_js_status]]></wp:meta_key>
		<wp:meta_value><![CDATA[true]]></wp:meta_value>
		</wp:postmeta>
							<wp:postmeta>
		<wp:meta_key><![CDATA[_wpb_shortcodes_custom_css]]></wp:meta_key>
		<wp:meta_value><![CDATA[.vc_custom_1550627610394{border-left-width: 2px !important;padding-left: 10px !important;border-left-color: #5191fa !important;border-left-style: solid !important;}.vc_custom_1550627664152{border-left-width: 2px !important;padding-left: 10px !important;border-left-color: #5191fa !important;border-left-style: solid !important;}.vc_custom_1550627670555{border-left-width: 2px !important;padding-left: 10px !important;border-left-color: #5191fa !important;border-left-style: solid !important;}]]></wp:meta_value>
		</wp:postmeta>
							</item>
					<item>
		<title>Mega Menu Tour</title>
		<link>http://shinetheme.com/travelerdata/mixmap/?post_type=st_mega_menu&#038;p=9146</link>
		<pubDate>Tue, 19 Feb 2019 06:42:32 +0000</pubDate>
		<dc:creator><![CDATA[travelhotel]]></dc:creator>
		<guid isPermaLink="false">https://mixmap.wpengine.com/?post_type=st_mega_menu&#038;p=9146</guid>
		<description></description>
		<content:encoded><![CDATA[[vc_row][vc_column width="2/3" el_class="st-mega"][vc_row_inner][vc_column_inner width="1/3"][vc_column_text css=".vc_custom_1550627725089{border-left-width: 2px !important;padding-left: 10px !important;border-left-color: #5191fa !important;border-left-style: solid !important;}"]<strong>Listing</strong>[/vc_column_text][st_custom_menu menu="mega-listing-tour"][/vc_column_inner][vc_column_inner width="1/3"][vc_column_text css=".vc_custom_1550627735652{border-left-width: 2px !important;padding-left: 10px !important;border-left-color: #5191fa !important;border-left-style: solid !important;}"]<strong>Single Detail
</strong>[/vc_column_text][st_custom_menu menu="mega-single-tour"][/vc_column_inner][vc_column_inner width="1/3"][vc_empty_space height="10px"][vc_single_image image="9094" img_size="165x256" alignment="center"][/vc_column_inner][/vc_row_inner][/vc_column][vc_column width="1/3"][/vc_column][/vc_row]]]></content:encoded>
		<excerpt:encoded><![CDATA[]]></excerpt:encoded>
		<wp:post_id>9146</wp:post_id>
		<wp:post_date><![CDATA[2019-02-19 06:42:32]]></wp:post_date>
		<wp:post_date_gmt><![CDATA[2019-02-19 06:42:32]]></wp:post_date_gmt>
		<wp:comment_status><![CDATA[closed]]></wp:comment_status>
		<wp:ping_status><![CDATA[closed]]></wp:ping_status>
		<wp:post_name><![CDATA[mega-menu-tour]]></wp:post_name>
		<wp:status><![CDATA[publish]]></wp:status>
		<wp:post_parent>0</wp:post_parent>
		<wp:menu_order>0</wp:menu_order>
		<wp:post_type><![CDATA[st_mega_menu]]></wp:post_type>
		<wp:post_password><![CDATA[]]></wp:post_password>
		<wp:is_sticky>0</wp:is_sticky>
														<wp:postmeta>
		<wp:meta_key><![CDATA[min_price]]></wp:meta_key>
		<wp:meta_value><![CDATA[]]></wp:meta_value>
		</wp:postmeta>
							<wp:postmeta>
		<wp:meta_key><![CDATA[rate_review]]></wp:meta_key>
		<wp:meta_value><![CDATA[0]]></wp:meta_value>
		</wp:postmeta>
							<wp:postmeta>
		<wp:meta_key><![CDATA[_wpb_shortcodes_custom_css]]></wp:meta_key>
		<wp:meta_value><![CDATA[.vc_custom_1550627725089{border-left-width: 2px !important;padding-left: 10px !important;border-left-color: #5191fa !important;border-left-style: solid !important;}.vc_custom_1550627735652{border-left-width: 2px !important;padding-left: 10px !important;border-left-color: #5191fa !important;border-left-style: solid !important;}]]></wp:meta_value>
		</wp:postmeta>
							<wp:postmeta>
		<wp:meta_key><![CDATA[min_price]]></wp:meta_key>
		<wp:meta_value><![CDATA[]]></wp:meta_value>
		</wp:postmeta>
							<wp:postmeta>
		<wp:meta_key><![CDATA[rate_review]]></wp:meta_key>
		<wp:meta_value><![CDATA[0]]></wp:meta_value>
		</wp:postmeta>
							<wp:postmeta>
		<wp:meta_key><![CDATA[_wpb_vc_js_status]]></wp:meta_key>
		<wp:meta_value><![CDATA[true]]></wp:meta_value>
		</wp:postmeta>
							<wp:postmeta>
		<wp:meta_key><![CDATA[_wpb_shortcodes_custom_css]]></wp:meta_key>
		<wp:meta_value><![CDATA[.vc_custom_1550627725089{border-left-width: 2px !important;padding-left: 10px !important;border-left-color: #5191fa !important;border-left-style: solid !important;}.vc_custom_1550627735652{border-left-width: 2px !important;padding-left: 10px !important;border-left-color: #5191fa !important;border-left-style: solid !important;}]]></wp:meta_value>
		</wp:postmeta>
							</item>
					<item>
		<title>Mega Menu Activity</title>
		<link>http://shinetheme.com/travelerdata/mixmap/?post_type=st_mega_menu&#038;p=9148</link>
		<pubDate>Tue, 19 Feb 2019 06:43:11 +0000</pubDate>
		<dc:creator><![CDATA[travelhotel]]></dc:creator>
		<guid isPermaLink="false">https://mixmap.wpengine.com/?post_type=st_mega_menu&#038;p=9148</guid>
		<description></description>
		<content:encoded><![CDATA[[vc_row][vc_column width="2/3" el_class="st-mega"][vc_row_inner][vc_column_inner width="1/3"][vc_column_text css=".vc_custom_1550628130567{border-left-width: 2px !important;padding-left: 10px !important;border-left-color: #5191fa !important;border-left-style: solid !important;}"]<strong>Listing</strong>[/vc_column_text][st_custom_menu menu="mega-listing-activity"][/vc_column_inner][vc_column_inner width="1/3"][vc_column_text css=".vc_custom_1550628142124{border-left-width: 2px !important;padding-left: 10px !important;border-left-color: #5191fa !important;border-left-style: solid !important;}"]<strong>Single Detail
</strong>[/vc_column_text][st_custom_menu menu="mega-single-activity"][/vc_column_inner][vc_column_inner width="1/3"][vc_empty_space height="10px"][vc_single_image image="9094" img_size="165x256" alignment="center"][/vc_column_inner][/vc_row_inner][/vc_column][vc_column width="1/3"][/vc_column][/vc_row]]]></content:encoded>
		<excerpt:encoded><![CDATA[]]></excerpt:encoded>
		<wp:post_id>9148</wp:post_id>
		<wp:post_date><![CDATA[2019-02-19 06:43:11]]></wp:post_date>
		<wp:post_date_gmt><![CDATA[2019-02-19 06:43:11]]></wp:post_date_gmt>
		<wp:comment_status><![CDATA[closed]]></wp:comment_status>
		<wp:ping_status><![CDATA[closed]]></wp:ping_status>
		<wp:post_name><![CDATA[mega-menu-activity]]></wp:post_name>
		<wp:status><![CDATA[publish]]></wp:status>
		<wp:post_parent>0</wp:post_parent>
		<wp:menu_order>0</wp:menu_order>
		<wp:post_type><![CDATA[st_mega_menu]]></wp:post_type>
		<wp:post_password><![CDATA[]]></wp:post_password>
		<wp:is_sticky>0</wp:is_sticky>
														<wp:postmeta>
		<wp:meta_key><![CDATA[min_price]]></wp:meta_key>
		<wp:meta_value><![CDATA[]]></wp:meta_value>
		</wp:postmeta>
							<wp:postmeta>
		<wp:meta_key><![CDATA[rate_review]]></wp:meta_key>
		<wp:meta_value><![CDATA[0]]></wp:meta_value>
		</wp:postmeta>
							<wp:postmeta>
		<wp:meta_key><![CDATA[_wpb_shortcodes_custom_css]]></wp:meta_key>
		<wp:meta_value><![CDATA[.vc_custom_1550628130567{border-left-width: 2px !important;padding-left: 10px !important;border-left-color: #5191fa !important;border-left-style: solid !important;}.vc_custom_1550628142124{border-left-width: 2px !important;padding-left: 10px !important;border-left-color: #5191fa !important;border-left-style: solid !important;}]]></wp:meta_value>
		</wp:postmeta>
							<wp:postmeta>
		<wp:meta_key><![CDATA[min_price]]></wp:meta_key>
		<wp:meta_value><![CDATA[]]></wp:meta_value>
		</wp:postmeta>
							<wp:postmeta>
		<wp:meta_key><![CDATA[rate_review]]></wp:meta_key>
		<wp:meta_value><![CDATA[0]]></wp:meta_value>
		</wp:postmeta>
							<wp:postmeta>
		<wp:meta_key><![CDATA[_wpb_vc_js_status]]></wp:meta_key>
		<wp:meta_value><![CDATA[true]]></wp:meta_value>
		</wp:postmeta>
							<wp:postmeta>
		<wp:meta_key><![CDATA[_wpb_shortcodes_custom_css]]></wp:meta_key>
		<wp:meta_value><![CDATA[.vc_custom_1550628130567{border-left-width: 2px !important;padding-left: 10px !important;border-left-color: #5191fa !important;border-left-style: solid !important;}.vc_custom_1550628142124{border-left-width: 2px !important;padding-left: 10px !important;border-left-color: #5191fa !important;border-left-style: solid !important;}]]></wp:meta_value>
		</wp:postmeta>
							</item>
				</channel>
</rss>
	