<?xml version="1.0" encoding="UTF-8" ?>
<!-- This is a WordPress eXtended RSS file generated by WordPress as an export of your site. -->
<!-- It contains information about your site's posts, pages, comments, categories, and other content. -->
<!-- You may use this file to transfer that content from one site to another. -->
<!-- This file is not intended to serve as a complete backup of your site. -->

<!-- To import this information into a WordPress site follow these steps: -->
<!-- 1. Log in to that site as an administrator. -->
<!-- 2. Go to Tools: Import in the WordPress admin panel. -->
<!-- 3. Install the "WordPress" importer from the list. -->
<!-- 4. Activate & Run Importer. -->
<!-- 5. Upload this file using the form provided on that page. -->
<!-- 6. You will first be asked to map the authors in this export file to users -->
<!--    on the site. For each author, you may choose to map to an -->
<!--    existing user on the site or to create a new user. -->
<!-- 7. WordPress will then import each of the posts, pages, comments, categories, etc. -->
<!--    contained in this file into your site. -->

	<!-- generator="WordPress/5.1.1" created="2019-04-26 04:30" -->
<rss version="2.0"
	xmlns:excerpt="http://wordpress.org/export/1.2/excerpt/"
	xmlns:content="http://purl.org/rss/1.0/modules/content/"
	xmlns:wfw="http://wellformedweb.org/CommentAPI/"
	xmlns:dc="http://purl.org/dc/elements/1.1/"
	xmlns:wp="http://wordpress.org/export/1.2/"
>

<channel>
	<title>Traveler</title>
	<link>http://shinetheme.com/travelerdata/rental</link>
	<description>WordPress Booking Theme</description>
	<pubDate>Fri, 26 Apr 2019 04:30:17 +0000</pubDate>
	<language>en-US</language>
	<wp:wxr_version>1.2</wp:wxr_version>
	<wp:base_site_url>http://shinetheme.com/travelerdata/rental</wp:base_site_url>
	<wp:base_blog_url>http://shinetheme.com/travelerdata/rental</wp:base_blog_url>

		<wp:author><wp:author_id>2</wp:author_id><wp:author_login><![CDATA[travelhotel]]></wp:author_login><wp:author_email><![CDATA[phpleaderpro@gmail.com]]></wp:author_email><wp:author_display_name><![CDATA[Travis Tan]]></wp:author_display_name><wp:author_first_name><![CDATA[Travis]]></wp:author_first_name><wp:author_last_name><![CDATA[Tan]]></wp:author_last_name></wp:author>
	<wp:author><wp:author_id>4</wp:author_id><wp:author_login><![CDATA[staomy]]></wp:author_login><wp:author_email><![CDATA[staomy@gmail.com]]></wp:author_email><wp:author_display_name><![CDATA[Donald Wolf]]></wp:author_display_name><wp:author_first_name><![CDATA[staomy]]></wp:author_first_name><wp:author_last_name><![CDATA[]]></wp:author_last_name></wp:author>
	<wp:author><wp:author_id>13</wp:author_id><wp:author_login><![CDATA[teste]]></wp:author_login><wp:author_email><![CDATA[teste@teste.com]]></wp:author_email><wp:author_display_name><![CDATA[teste]]></wp:author_display_name><wp:author_first_name><![CDATA[teste]]></wp:author_first_name><wp:author_last_name><![CDATA[teste]]></wp:author_last_name></wp:author>
	<wp:author><wp:author_id>15</wp:author_id><wp:author_login><![CDATA[oussq]]></wp:author_login><wp:author_email><![CDATA[dev.obygen@gmail.com]]></wp:author_email><wp:author_display_name><![CDATA[oussq]]></wp:author_display_name><wp:author_first_name><![CDATA[bh]]></wp:author_first_name><wp:author_last_name><![CDATA[obh]]></wp:author_last_name></wp:author>

				
	<generator>https://wordpress.org/?v=5.1.1</generator>

	</channel>
</rss>
	